Strain,BGCs,Count
s__Leaf324,modular.PKS,0
s__Leaf225,modular.PKS,1
s__Leaf233,modular.PKS,2
s__Leaf247,modular.PKS,1
s__Leaf258,modular.PKS,1
s__Leaf278,modular.PKS,1
s__Leaf354,modular.PKS,1
s__Leaf380,modular.PKS,0
s__Leaf58,modular.PKS,1
s__Leaf69,modular.PKS,0
s__Leaf72,modular.PKS,1
s__Leaf7,modular.PKS,1
s__Leaf82,modular.PKS,0
s__Leaf85,modular.PKS,2
s__Leaf86,modular.PKS,2
s__Leaf91,modular.PKS,2
s__Leaf93,modular.PKS,2
s__Leaf288,modular.PKS,0
s__Leaf307,modular.PKS,0
s__Leaf311,modular.PKS,0
s__Leaf337,modular.PKS,0
s__Leaf369,modular.PKS,0
s__Leaf371,modular.PKS,2
s__Leaf399,modular.PKS,1
s__Leaf404,modular.PKS,0
s__Leaf436,modular.PKS,0
s__Leaf465,modular.PKS,1
s__Leaf466,modular.PKS,1
s__Leaf469,modular.PKS,2
s__Leaf68,modular.PKS,0
s__Leaf83,modular.PKS,0
s__Leaf87,modular.PKS,2
s__Leaf88,modular.PKS,1
s__Leaf89,modular.PKS,1
s__Leaf94,modular.PKS,1
s__Leaf99,modular.PKS,1
s__Leaf111,modular.PKS,1
s__Leaf117,modular.PKS,1
s__Leaf139,modular.PKS,0
s__Leaf13,modular.PKS,0
s__Leaf145,modular.PKS,0
s__Leaf159,modular.PKS,0
s__Leaf161,modular.PKS,0
s__Leaf164,modular.PKS,0
s__Leaf171,modular.PKS,0
s__Leaf172,modular.PKS,0
s__Leaf183,modular.PKS,0
s__Leaf185,modular.PKS,0
s__Leaf186,modular.PKS,0
s__Leaf187,modular.PKS,0
s__Leaf189,modular.PKS,0
s__Leaf191,modular.PKS,0
s__Leaf196,modular.PKS,0
s__Leaf1,modular.PKS,0
s__Leaf8,modular.PKS,0
s__Leaf201,modular.PKS,0
s__Leaf210,modular.PKS,0
s__Leaf220,modular.PKS,0
s__Leaf222,modular.PKS,0
s__Leaf234,modular.PKS,0
s__Leaf245,modular.PKS,0
s__Leaf254,modular.PKS,0
s__Leaf262,modular.PKS,0
s__Leaf263,modular.PKS,0
s__Leaf264,modular.PKS,0
s__Leaf272,modular.PKS,0
s__Leaf285,modular.PKS,0
s__Leaf289,modular.PKS,0
s__Leaf291,modular.PKS,0
s__Leaf294,modular.PKS,0
s__Leaf296,modular.PKS,0
s__Leaf299,modular.PKS,0
s__Leaf304,modular.PKS,0
s__Leaf306,modular.PKS,1
s__Leaf314,modular.PKS,0
s__Leaf320,modular.PKS,0
s__Leaf321,modular.PKS,1
s__Leaf456,modular.PKS,1
s__Leaf2,modular.PKS,0
s__Leaf3,modular.PKS,0
s__Leaf26,modular.PKS,1
s__Leaf41,modular.PKS,0
s__Leaf194,modular.PKS,0
s__Leaf202,modular.PKS,0
s__Leaf203,modular.PKS,0
s__Leaf216,modular.PKS,0
s__Leaf244,modular.PKS,0
s__Leaf261,modular.PKS,0
s__Leaf265,modular.PKS,0
s__Leaf267,modular.PKS,0
s__Leaf274,modular.PKS,0
s__Leaf280,modular.PKS,0
s__Leaf283,modular.PKS,0
s__Leaf344,modular.PKS,1
s__Leaf406,modular.PKS,0
s__Leaf454,modular.PKS,0
s__Leaf325,modular.PKS,0
s__Leaf326,modular.PKS,0
s__Leaf335,modular.PKS,0
s__Leaf336,modular.PKS,0
s__Leaf341,modular.PKS,1
s__Leaf347,modular.PKS,0
s__Leaf351,modular.PKS,0
s__Leaf359,modular.PKS,0
s__Leaf383,modular.PKS,1
s__Leaf384,modular.PKS,1
s__Leaf386,modular.PKS,1
s__Leaf391,modular.PKS,1
s__Leaf394,modular.PKS,0
s__Leaf395,modular.PKS,0
s__Leaf400,modular.PKS,1
s__Leaf414,modular.PKS,0
s__Leaf415,modular.PKS,0
s__Leaf416,modular.PKS,0
s__Leaf420,modular.PKS,0
s__Leaf49,modular.PKS,0
s__Leaf44,modular.PKS,0
s__Leaf50,modular.PKS,0
s__Leaf98,modular.PKS,0
s__Leaf113,modular.PKS,1
s__Leaf121,modular.PKS,1
s__Leaf122,modular.PKS,1
s__Leaf123,modular.PKS,1
s__Leaf127,modular.PKS,0
s__Leaf137,modular.PKS,0
s__Leaf141,modular.PKS,0
s__Leaf160,modular.PKS,0
s__Leaf51,modular.PKS,0
s__Leaf53,modular.PKS,0
s__Leaf64,modular.PKS,0
s__Leaf70,modular.PKS,0
s__Leaf75,modular.PKS,0
s__Leaf76,modular.PKS,0
s__Leaf78,modular.PKS,0
s__Leaf84,modular.PKS,0
s__Leaf90,modular.PKS,1
s__Leaf92,modular.PKS,1
s__Leaf10,modular.PKS,0
s__Leaf11,modular.PKS,0
s__Leaf16,modular.PKS,0
s__Leaf17,modular.PKS,0
s__Leaf198,modular.PKS,0
s__Leaf208,modular.PKS,0
s__Leaf20,modular.PKS,0
s__Leaf226,modular.PKS,0
s__Leaf22,modular.PKS,0
s__Leaf230,modular.PKS,0
s__Leaf231,modular.PKS,0
s__Leaf23,modular.PKS,0
s__Leaf242,modular.PKS,0
s__Leaf24,modular.PKS,0
s__Leaf257,modular.PKS,0
s__Leaf25,modular.PKS,0
s__Leaf28,modular.PKS,0
s__Leaf29,modular.PKS,0
s__Leaf30,modular.PKS,0
s__Leaf32,modular.PKS,0
s__Leaf339,modular.PKS,0
s__Leaf33,modular.PKS,0
s__Leaf343,modular.PKS,0
s__Leaf34,modular.PKS,0
s__Leaf357,modular.PKS,0
s__Leaf38,modular.PKS,0
s__Leaf407,modular.PKS,0
s__Leaf412,modular.PKS,0
s__Leaf42,modular.PKS,0
s__Leaf5,modular.PKS,0
s__Leaf62,modular.PKS,0
s__Leaf67,modular.PKS,0
s__Leaf9,modular.PKS,0
s__Leaf119,modular.PKS,1
s__Leaf129,modular.PKS,0
s__Leaf182,modular.PKS,1
s__Leaf334,modular.PKS,0
s__Leaf361,modular.PKS,1
s__Leaf363,modular.PKS,0
s__Leaf396,modular.PKS,1
s__Leaf405,modular.PKS,0
s__Leaf427,modular.PKS,0
s__Leaf434,modular.PKS,0
s__Leaf443,modular.PKS,0
s__Leaf446,modular.PKS,0
s__Leaf453,modular.PKS,1
s__Leaf459,modular.PKS,0
s__Leaf460,modular.PKS,0
s__Leaf48,modular.PKS,0
s__Leaf100,modular.PKS,2
s__Leaf102,modular.PKS,2
s__Leaf104,modular.PKS,1
s__Leaf106,modular.PKS,2
s__Leaf108,modular.PKS,1
s__Leaf112,modular.PKS,2
s__Leaf125,modular.PKS,1
s__Leaf126,modular.PKS,0
s__Leaf130,modular.PKS,0
s__Leaf131,modular.PKS,0
s__Leaf148,modular.PKS,0
s__Leaf151,modular.PKS,0
s__Leaf154,modular.PKS,0
s__Leaf155,modular.PKS,0
s__Leaf15,modular.PKS,0
s__Leaf168,modular.PKS,0
s__Leaf176,modular.PKS,0
s__Leaf177,modular.PKS,0
s__Leaf179,modular.PKS,0
s__Leaf180,modular.PKS,0
s__Leaf61,modular.PKS,1
s__Leaf324,modular.PKS.NRPS.hybrid,0
s__Leaf225,modular.PKS.NRPS.hybrid,0
s__Leaf233,modular.PKS.NRPS.hybrid,0
s__Leaf247,modular.PKS.NRPS.hybrid,0
s__Leaf258,modular.PKS.NRPS.hybrid,0
s__Leaf278,modular.PKS.NRPS.hybrid,0
s__Leaf354,modular.PKS.NRPS.hybrid,0
s__Leaf380,modular.PKS.NRPS.hybrid,1
s__Leaf58,modular.PKS.NRPS.hybrid,0
s__Leaf69,modular.PKS.NRPS.hybrid,0
s__Leaf72,modular.PKS.NRPS.hybrid,1
s__Leaf7,modular.PKS.NRPS.hybrid,0
s__Leaf82,modular.PKS.NRPS.hybrid,1
s__Leaf85,modular.PKS.NRPS.hybrid,0
s__Leaf86,modular.PKS.NRPS.hybrid,0
s__Leaf91,modular.PKS.NRPS.hybrid,0
s__Leaf93,modular.PKS.NRPS.hybrid,0
s__Leaf288,modular.PKS.NRPS.hybrid,0
s__Leaf307,modular.PKS.NRPS.hybrid,0
s__Leaf311,modular.PKS.NRPS.hybrid,0
s__Leaf337,modular.PKS.NRPS.hybrid,0
s__Leaf369,modular.PKS.NRPS.hybrid,0
s__Leaf371,modular.PKS.NRPS.hybrid,0
s__Leaf399,modular.PKS.NRPS.hybrid,0
s__Leaf404,modular.PKS.NRPS.hybrid,0
s__Leaf436,modular.PKS.NRPS.hybrid,0
s__Leaf465,modular.PKS.NRPS.hybrid,0
s__Leaf466,modular.PKS.NRPS.hybrid,0
s__Leaf469,modular.PKS.NRPS.hybrid,0
s__Leaf68,modular.PKS.NRPS.hybrid,0
s__Leaf83,modular.PKS.NRPS.hybrid,0
s__Leaf87,modular.PKS.NRPS.hybrid,0
s__Leaf88,modular.PKS.NRPS.hybrid,0
s__Leaf89,modular.PKS.NRPS.hybrid,0
s__Leaf94,modular.PKS.NRPS.hybrid,0
s__Leaf99,modular.PKS.NRPS.hybrid,0
s__Leaf111,modular.PKS.NRPS.hybrid,0
s__Leaf117,modular.PKS.NRPS.hybrid,0
s__Leaf139,modular.PKS.NRPS.hybrid,0
s__Leaf13,modular.PKS.NRPS.hybrid,0
s__Leaf145,modular.PKS.NRPS.hybrid,0
s__Leaf159,modular.PKS.NRPS.hybrid,0
s__Leaf161,modular.PKS.NRPS.hybrid,0
s__Leaf164,modular.PKS.NRPS.hybrid,0
s__Leaf171,modular.PKS.NRPS.hybrid,0
s__Leaf172,modular.PKS.NRPS.hybrid,0
s__Leaf183,modular.PKS.NRPS.hybrid,0
s__Leaf185,modular.PKS.NRPS.hybrid,0
s__Leaf186,modular.PKS.NRPS.hybrid,0
s__Leaf187,modular.PKS.NRPS.hybrid,0
s__Leaf189,modular.PKS.NRPS.hybrid,0
s__Leaf191,modular.PKS.NRPS.hybrid,0
s__Leaf196,modular.PKS.NRPS.hybrid,0
s__Leaf1,modular.PKS.NRPS.hybrid,0
s__Leaf8,modular.PKS.NRPS.hybrid,0
s__Leaf201,modular.PKS.NRPS.hybrid,0
s__Leaf210,modular.PKS.NRPS.hybrid,0
s__Leaf220,modular.PKS.NRPS.hybrid,0
s__Leaf222,modular.PKS.NRPS.hybrid,0
s__Leaf234,modular.PKS.NRPS.hybrid,0
s__Leaf245,modular.PKS.NRPS.hybrid,0
s__Leaf254,modular.PKS.NRPS.hybrid,0
s__Leaf262,modular.PKS.NRPS.hybrid,0
s__Leaf263,modular.PKS.NRPS.hybrid,0
s__Leaf264,modular.PKS.NRPS.hybrid,0
s__Leaf272,modular.PKS.NRPS.hybrid,0
s__Leaf285,modular.PKS.NRPS.hybrid,0
s__Leaf289,modular.PKS.NRPS.hybrid,0
s__Leaf291,modular.PKS.NRPS.hybrid,0
s__Leaf294,modular.PKS.NRPS.hybrid,0
s__Leaf296,modular.PKS.NRPS.hybrid,0
s__Leaf299,modular.PKS.NRPS.hybrid,0
s__Leaf304,modular.PKS.NRPS.hybrid,0
s__Leaf306,modular.PKS.NRPS.hybrid,0
s__Leaf314,modular.PKS.NRPS.hybrid,0
s__Leaf320,modular.PKS.NRPS.hybrid,0
s__Leaf321,modular.PKS.NRPS.hybrid,0
s__Leaf456,modular.PKS.NRPS.hybrid,0
s__Leaf2,modular.PKS.NRPS.hybrid,0
s__Leaf3,modular.PKS.NRPS.hybrid,0
s__Leaf26,modular.PKS.NRPS.hybrid,0
s__Leaf41,modular.PKS.NRPS.hybrid,1
s__Leaf194,modular.PKS.NRPS.hybrid,1
s__Leaf202,modular.PKS.NRPS.hybrid,0
s__Leaf203,modular.PKS.NRPS.hybrid,0
s__Leaf216,modular.PKS.NRPS.hybrid,1
s__Leaf244,modular.PKS.NRPS.hybrid,0
s__Leaf261,modular.PKS.NRPS.hybrid,0
s__Leaf265,modular.PKS.NRPS.hybrid,0
s__Leaf267,modular.PKS.NRPS.hybrid,0
s__Leaf274,modular.PKS.NRPS.hybrid,0
s__Leaf280,modular.PKS.NRPS.hybrid,0
s__Leaf283,modular.PKS.NRPS.hybrid,0
s__Leaf344,modular.PKS.NRPS.hybrid,1
s__Leaf406,modular.PKS.NRPS.hybrid,0
s__Leaf454,modular.PKS.NRPS.hybrid,1
s__Leaf325,modular.PKS.NRPS.hybrid,0
s__Leaf326,modular.PKS.NRPS.hybrid,0
s__Leaf335,modular.PKS.NRPS.hybrid,0
s__Leaf336,modular.PKS.NRPS.hybrid,0
s__Leaf341,modular.PKS.NRPS.hybrid,0
s__Leaf347,modular.PKS.NRPS.hybrid,0
s__Leaf351,modular.PKS.NRPS.hybrid,0
s__Leaf359,modular.PKS.NRPS.hybrid,0
s__Leaf383,modular.PKS.NRPS.hybrid,0
s__Leaf384,modular.PKS.NRPS.hybrid,0
s__Leaf386,modular.PKS.NRPS.hybrid,0
s__Leaf391,modular.PKS.NRPS.hybrid,0
s__Leaf394,modular.PKS.NRPS.hybrid,0
s__Leaf395,modular.PKS.NRPS.hybrid,0
s__Leaf400,modular.PKS.NRPS.hybrid,0
s__Leaf414,modular.PKS.NRPS.hybrid,0
s__Leaf415,modular.PKS.NRPS.hybrid,0
s__Leaf416,modular.PKS.NRPS.hybrid,0
s__Leaf420,modular.PKS.NRPS.hybrid,0
s__Leaf49,modular.PKS.NRPS.hybrid,0
s__Leaf44,modular.PKS.NRPS.hybrid,0
s__Leaf50,modular.PKS.NRPS.hybrid,0
s__Leaf98,modular.PKS.NRPS.hybrid,0
s__Leaf113,modular.PKS.NRPS.hybrid,0
s__Leaf121,modular.PKS.NRPS.hybrid,0
s__Leaf122,modular.PKS.NRPS.hybrid,0
s__Leaf123,modular.PKS.NRPS.hybrid,0
s__Leaf127,modular.PKS.NRPS.hybrid,0
s__Leaf137,modular.PKS.NRPS.hybrid,0
s__Leaf141,modular.PKS.NRPS.hybrid,0
s__Leaf160,modular.PKS.NRPS.hybrid,0
s__Leaf51,modular.PKS.NRPS.hybrid,0
s__Leaf53,modular.PKS.NRPS.hybrid,0
s__Leaf64,modular.PKS.NRPS.hybrid,0
s__Leaf70,modular.PKS.NRPS.hybrid,0
s__Leaf75,modular.PKS.NRPS.hybrid,0
s__Leaf76,modular.PKS.NRPS.hybrid,0
s__Leaf78,modular.PKS.NRPS.hybrid,0
s__Leaf84,modular.PKS.NRPS.hybrid,0
s__Leaf90,modular.PKS.NRPS.hybrid,0
s__Leaf92,modular.PKS.NRPS.hybrid,0
s__Leaf10,modular.PKS.NRPS.hybrid,0
s__Leaf11,modular.PKS.NRPS.hybrid,0
s__Leaf16,modular.PKS.NRPS.hybrid,0
s__Leaf17,modular.PKS.NRPS.hybrid,0
s__Leaf198,modular.PKS.NRPS.hybrid,0
s__Leaf208,modular.PKS.NRPS.hybrid,0
s__Leaf20,modular.PKS.NRPS.hybrid,0
s__Leaf226,modular.PKS.NRPS.hybrid,0
s__Leaf22,modular.PKS.NRPS.hybrid,0
s__Leaf230,modular.PKS.NRPS.hybrid,0
s__Leaf231,modular.PKS.NRPS.hybrid,0
s__Leaf23,modular.PKS.NRPS.hybrid,0
s__Leaf242,modular.PKS.NRPS.hybrid,0
s__Leaf24,modular.PKS.NRPS.hybrid,0
s__Leaf257,modular.PKS.NRPS.hybrid,0
s__Leaf25,modular.PKS.NRPS.hybrid,0
s__Leaf28,modular.PKS.NRPS.hybrid,0
s__Leaf29,modular.PKS.NRPS.hybrid,0
s__Leaf30,modular.PKS.NRPS.hybrid,0
s__Leaf32,modular.PKS.NRPS.hybrid,0
s__Leaf339,modular.PKS.NRPS.hybrid,0
s__Leaf33,modular.PKS.NRPS.hybrid,0
s__Leaf343,modular.PKS.NRPS.hybrid,0
s__Leaf34,modular.PKS.NRPS.hybrid,0
s__Leaf357,modular.PKS.NRPS.hybrid,0
s__Leaf38,modular.PKS.NRPS.hybrid,0
s__Leaf407,modular.PKS.NRPS.hybrid,0
s__Leaf412,modular.PKS.NRPS.hybrid,0
s__Leaf42,modular.PKS.NRPS.hybrid,0
s__Leaf5,modular.PKS.NRPS.hybrid,0
s__Leaf62,modular.PKS.NRPS.hybrid,0
s__Leaf67,modular.PKS.NRPS.hybrid,0
s__Leaf9,modular.PKS.NRPS.hybrid,0
s__Leaf119,modular.PKS.NRPS.hybrid,0
s__Leaf129,modular.PKS.NRPS.hybrid,0
s__Leaf182,modular.PKS.NRPS.hybrid,3
s__Leaf334,modular.PKS.NRPS.hybrid,0
s__Leaf361,modular.PKS.NRPS.hybrid,0
s__Leaf363,modular.PKS.NRPS.hybrid,0
s__Leaf396,modular.PKS.NRPS.hybrid,0
s__Leaf405,modular.PKS.NRPS.hybrid,0
s__Leaf427,modular.PKS.NRPS.hybrid,1
s__Leaf434,modular.PKS.NRPS.hybrid,0
s__Leaf443,modular.PKS.NRPS.hybrid,0
s__Leaf446,modular.PKS.NRPS.hybrid,0
s__Leaf453,modular.PKS.NRPS.hybrid,0
s__Leaf459,modular.PKS.NRPS.hybrid,0
s__Leaf460,modular.PKS.NRPS.hybrid,1
s__Leaf48,modular.PKS.NRPS.hybrid,0
s__Leaf100,modular.PKS.NRPS.hybrid,0
s__Leaf102,modular.PKS.NRPS.hybrid,0
s__Leaf104,modular.PKS.NRPS.hybrid,1
s__Leaf106,modular.PKS.NRPS.hybrid,0
s__Leaf108,modular.PKS.NRPS.hybrid,0
s__Leaf112,modular.PKS.NRPS.hybrid,0
s__Leaf125,modular.PKS.NRPS.hybrid,0
s__Leaf126,modular.PKS.NRPS.hybrid,0
s__Leaf130,modular.PKS.NRPS.hybrid,0
s__Leaf131,modular.PKS.NRPS.hybrid,0
s__Leaf148,modular.PKS.NRPS.hybrid,0
s__Leaf151,modular.PKS.NRPS.hybrid,0
s__Leaf154,modular.PKS.NRPS.hybrid,0
s__Leaf155,modular.PKS.NRPS.hybrid,0
s__Leaf15,modular.PKS.NRPS.hybrid,0
s__Leaf168,modular.PKS.NRPS.hybrid,0
s__Leaf176,modular.PKS.NRPS.hybrid,1
s__Leaf177,modular.PKS.NRPS.hybrid,0
s__Leaf179,modular.PKS.NRPS.hybrid,0
s__Leaf180,modular.PKS.NRPS.hybrid,0
s__Leaf61,modular.PKS.NRPS.hybrid,1
s__Leaf324,non_modular.PKS,1
s__Leaf225,non_modular.PKS,1
s__Leaf233,non_modular.PKS,1
s__Leaf247,non_modular.PKS,1
s__Leaf258,non_modular.PKS,1
s__Leaf278,non_modular.PKS,1
s__Leaf354,non_modular.PKS,2
s__Leaf380,non_modular.PKS,1
s__Leaf58,non_modular.PKS,0
s__Leaf69,non_modular.PKS,1
s__Leaf72,non_modular.PKS,0
s__Leaf7,non_modular.PKS,1
s__Leaf82,non_modular.PKS,1
s__Leaf85,non_modular.PKS,0
s__Leaf86,non_modular.PKS,1
s__Leaf91,non_modular.PKS,1
s__Leaf93,non_modular.PKS,0
s__Leaf288,non_modular.PKS,2
s__Leaf307,non_modular.PKS,0
s__Leaf311,non_modular.PKS,1
s__Leaf337,non_modular.PKS,1
s__Leaf369,non_modular.PKS,1
s__Leaf371,non_modular.PKS,0
s__Leaf399,non_modular.PKS,1
s__Leaf404,non_modular.PKS,1
s__Leaf436,non_modular.PKS,1
s__Leaf465,non_modular.PKS,0
s__Leaf466,non_modular.PKS,1
s__Leaf469,non_modular.PKS,1
s__Leaf68,non_modular.PKS,1
s__Leaf83,non_modular.PKS,1
s__Leaf87,non_modular.PKS,2
s__Leaf88,non_modular.PKS,0
s__Leaf89,non_modular.PKS,0
s__Leaf94,non_modular.PKS,0
s__Leaf99,non_modular.PKS,1
s__Leaf111,non_modular.PKS,0
s__Leaf117,non_modular.PKS,0
s__Leaf139,non_modular.PKS,0
s__Leaf13,non_modular.PKS,1
s__Leaf145,non_modular.PKS,1
s__Leaf159,non_modular.PKS,1
s__Leaf161,non_modular.PKS,1
s__Leaf164,non_modular.PKS,1
s__Leaf171,non_modular.PKS,1
s__Leaf172,non_modular.PKS,1
s__Leaf183,non_modular.PKS,1
s__Leaf185,non_modular.PKS,1
s__Leaf186,non_modular.PKS,1
s__Leaf187,non_modular.PKS,0
s__Leaf189,non_modular.PKS,2
s__Leaf191,non_modular.PKS,0
s__Leaf196,non_modular.PKS,0
s__Leaf1,non_modular.PKS,1
s__Leaf8,non_modular.PKS,1
s__Leaf201,non_modular.PKS,1
s__Leaf210,non_modular.PKS,1
s__Leaf220,non_modular.PKS,0
s__Leaf222,non_modular.PKS,2
s__Leaf234,non_modular.PKS,1
s__Leaf245,non_modular.PKS,0
s__Leaf254,non_modular.PKS,1
s__Leaf262,non_modular.PKS,0
s__Leaf263,non_modular.PKS,1
s__Leaf264,non_modular.PKS,1
s__Leaf272,non_modular.PKS,0
s__Leaf285,non_modular.PKS,0
s__Leaf289,non_modular.PKS,0
s__Leaf291,non_modular.PKS,0
s__Leaf294,non_modular.PKS,1
s__Leaf296,non_modular.PKS,1
s__Leaf299,non_modular.PKS,1
s__Leaf304,non_modular.PKS,1
s__Leaf306,non_modular.PKS,0
s__Leaf314,non_modular.PKS,1
s__Leaf320,non_modular.PKS,1
s__Leaf321,non_modular.PKS,0
s__Leaf456,non_modular.PKS,0
s__Leaf2,non_modular.PKS,1
s__Leaf3,non_modular.PKS,1
s__Leaf26,non_modular.PKS,0
s__Leaf41,non_modular.PKS,1
s__Leaf194,non_modular.PKS,1
s__Leaf202,non_modular.PKS,1
s__Leaf203,non_modular.PKS,1
s__Leaf216,non_modular.PKS,1
s__Leaf244,non_modular.PKS,1
s__Leaf261,non_modular.PKS,1
s__Leaf265,non_modular.PKS,2
s__Leaf267,non_modular.PKS,1
s__Leaf274,non_modular.PKS,2
s__Leaf280,non_modular.PKS,0
s__Leaf283,non_modular.PKS,1
s__Leaf344,non_modular.PKS,0
s__Leaf406,non_modular.PKS,2
s__Leaf454,non_modular.PKS,1
s__Leaf325,non_modular.PKS,1
s__Leaf326,non_modular.PKS,1
s__Leaf335,non_modular.PKS,1
s__Leaf336,non_modular.PKS,1
s__Leaf341,non_modular.PKS,0
s__Leaf347,non_modular.PKS,0
s__Leaf351,non_modular.PKS,0
s__Leaf359,non_modular.PKS,0
s__Leaf383,non_modular.PKS,0
s__Leaf384,non_modular.PKS,0
s__Leaf386,non_modular.PKS,0
s__Leaf391,non_modular.PKS,0
s__Leaf394,non_modular.PKS,1
s__Leaf395,non_modular.PKS,1
s__Leaf400,non_modular.PKS,0
s__Leaf414,non_modular.PKS,1
s__Leaf415,non_modular.PKS,1
s__Leaf416,non_modular.PKS,1
s__Leaf420,non_modular.PKS,0
s__Leaf49,non_modular.PKS,1
s__Leaf44,non_modular.PKS,1
s__Leaf50,non_modular.PKS,1
s__Leaf98,non_modular.PKS,1
s__Leaf113,non_modular.PKS,0
s__Leaf121,non_modular.PKS,0
s__Leaf122,non_modular.PKS,0
s__Leaf123,non_modular.PKS,0
s__Leaf127,non_modular.PKS,1
s__Leaf137,non_modular.PKS,2
s__Leaf141,non_modular.PKS,1
s__Leaf160,non_modular.PKS,1
s__Leaf51,non_modular.PKS,1
s__Leaf53,non_modular.PKS,0
s__Leaf64,non_modular.PKS,0
s__Leaf70,non_modular.PKS,2
s__Leaf75,non_modular.PKS,1
s__Leaf76,non_modular.PKS,0
s__Leaf78,non_modular.PKS,0
s__Leaf84,non_modular.PKS,0
s__Leaf90,non_modular.PKS,0
s__Leaf92,non_modular.PKS,0
s__Leaf10,non_modular.PKS,1
s__Leaf11,non_modular.PKS,1
s__Leaf16,non_modular.PKS,1
s__Leaf17,non_modular.PKS,1
s__Leaf198,non_modular.PKS,1
s__Leaf208,non_modular.PKS,1
s__Leaf20,non_modular.PKS,1
s__Leaf226,non_modular.PKS,1
s__Leaf22,non_modular.PKS,1
s__Leaf230,non_modular.PKS,1
s__Leaf231,non_modular.PKS,1
s__Leaf23,non_modular.PKS,1
s__Leaf242,non_modular.PKS,2
s__Leaf24,non_modular.PKS,1
s__Leaf257,non_modular.PKS,1
s__Leaf25,non_modular.PKS,1
s__Leaf28,non_modular.PKS,1
s__Leaf29,non_modular.PKS,1
s__Leaf30,non_modular.PKS,1
s__Leaf32,non_modular.PKS,1
s__Leaf339,non_modular.PKS,1
s__Leaf33,non_modular.PKS,1
s__Leaf343,non_modular.PKS,1
s__Leaf34,non_modular.PKS,1
s__Leaf357,non_modular.PKS,1
s__Leaf38,non_modular.PKS,1
s__Leaf407,non_modular.PKS,1
s__Leaf412,non_modular.PKS,1
s__Leaf42,non_modular.PKS,1
s__Leaf5,non_modular.PKS,1
s__Leaf62,non_modular.PKS,1
s__Leaf67,non_modular.PKS,1
s__Leaf9,non_modular.PKS,1
s__Leaf119,non_modular.PKS,0
s__Leaf129,non_modular.PKS,0
s__Leaf182,non_modular.PKS,1
s__Leaf334,non_modular.PKS,1
s__Leaf361,non_modular.PKS,0
s__Leaf363,non_modular.PKS,0
s__Leaf396,non_modular.PKS,0
s__Leaf405,non_modular.PKS,1
s__Leaf427,non_modular.PKS,1
s__Leaf434,non_modular.PKS,1
s__Leaf443,non_modular.PKS,0
s__Leaf446,non_modular.PKS,0
s__Leaf453,non_modular.PKS,0
s__Leaf459,non_modular.PKS,1
s__Leaf460,non_modular.PKS,1
s__Leaf48,non_modular.PKS,1
s__Leaf100,non_modular.PKS,1
s__Leaf102,non_modular.PKS,1
s__Leaf104,non_modular.PKS,0
s__Leaf106,non_modular.PKS,0
s__Leaf108,non_modular.PKS,1
s__Leaf112,non_modular.PKS,1
s__Leaf125,non_modular.PKS,0
s__Leaf126,non_modular.PKS,1
s__Leaf130,non_modular.PKS,2
s__Leaf131,non_modular.PKS,1
s__Leaf148,non_modular.PKS,1
s__Leaf151,non_modular.PKS,1
s__Leaf154,non_modular.PKS,1
s__Leaf155,non_modular.PKS,1
s__Leaf15,non_modular.PKS,1
s__Leaf168,non_modular.PKS,0
s__Leaf176,non_modular.PKS,1
s__Leaf177,non_modular.PKS,0
s__Leaf179,non_modular.PKS,1
s__Leaf180,non_modular.PKS,1
s__Leaf61,non_modular.PKS,1
s__Leaf324,NRPS,0
s__Leaf225,NRPS,5
s__Leaf233,NRPS,8
s__Leaf247,NRPS,7
s__Leaf258,NRPS,5
s__Leaf278,NRPS,9
s__Leaf354,NRPS,4
s__Leaf380,NRPS,2
s__Leaf58,NRPS,2
s__Leaf69,NRPS,1
s__Leaf72,NRPS,7
s__Leaf7,NRPS,7
s__Leaf82,NRPS,5
s__Leaf85,NRPS,2
s__Leaf86,NRPS,1
s__Leaf91,NRPS,1
s__Leaf93,NRPS,2
s__Leaf288,NRPS,0
s__Leaf307,NRPS,0
s__Leaf311,NRPS,0
s__Leaf337,NRPS,0
s__Leaf369,NRPS,0
s__Leaf371,NRPS,0
s__Leaf399,NRPS,0
s__Leaf404,NRPS,0
s__Leaf436,NRPS,0
s__Leaf465,NRPS,0
s__Leaf466,NRPS,0
s__Leaf469,NRPS,0
s__Leaf68,NRPS,0
s__Leaf83,NRPS,0
s__Leaf87,NRPS,0
s__Leaf88,NRPS,0
s__Leaf89,NRPS,0
s__Leaf94,NRPS,0
s__Leaf99,NRPS,0
s__Leaf111,NRPS,0
s__Leaf117,NRPS,0
s__Leaf139,NRPS,0
s__Leaf13,NRPS,0
s__Leaf145,NRPS,0
s__Leaf159,NRPS,0
s__Leaf161,NRPS,0
s__Leaf164,NRPS,0
s__Leaf171,NRPS,0
s__Leaf172,NRPS,0
s__Leaf183,NRPS,0
s__Leaf185,NRPS,0
s__Leaf186,NRPS,0
s__Leaf187,NRPS,0
s__Leaf189,NRPS,0
s__Leaf191,NRPS,0
s__Leaf196,NRPS,0
s__Leaf1,NRPS,0
s__Leaf8,NRPS,0
s__Leaf201,NRPS,0
s__Leaf210,NRPS,0
s__Leaf220,NRPS,0
s__Leaf222,NRPS,0
s__Leaf234,NRPS,0
s__Leaf245,NRPS,0
s__Leaf254,NRPS,0
s__Leaf262,NRPS,0
s__Leaf263,NRPS,0
s__Leaf264,NRPS,0
s__Leaf272,NRPS,0
s__Leaf285,NRPS,0
s__Leaf289,NRPS,0
s__Leaf291,NRPS,0
s__Leaf294,NRPS,0
s__Leaf296,NRPS,0
s__Leaf299,NRPS,0
s__Leaf304,NRPS,0
s__Leaf306,NRPS,0
s__Leaf314,NRPS,0
s__Leaf320,NRPS,0
s__Leaf321,NRPS,0
s__Leaf456,NRPS,1
s__Leaf2,NRPS,1
s__Leaf3,NRPS,1
s__Leaf26,NRPS,0
s__Leaf41,NRPS,0
s__Leaf194,NRPS,0
s__Leaf202,NRPS,0
s__Leaf203,NRPS,0
s__Leaf216,NRPS,0
s__Leaf244,NRPS,0
s__Leaf261,NRPS,0
s__Leaf265,NRPS,2
s__Leaf267,NRPS,1
s__Leaf274,NRPS,3
s__Leaf280,NRPS,0
s__Leaf283,NRPS,0
s__Leaf344,NRPS,0
s__Leaf406,NRPS,1
s__Leaf454,NRPS,0
s__Leaf325,NRPS,0
s__Leaf326,NRPS,0
s__Leaf335,NRPS,0
s__Leaf336,NRPS,0
s__Leaf341,NRPS,0
s__Leaf347,NRPS,0
s__Leaf351,NRPS,0
s__Leaf359,NRPS,0
s__Leaf383,NRPS,0
s__Leaf384,NRPS,0
s__Leaf386,NRPS,0
s__Leaf391,NRPS,0
s__Leaf394,NRPS,0
s__Leaf395,NRPS,0
s__Leaf400,NRPS,0
s__Leaf414,NRPS,0
s__Leaf415,NRPS,0
s__Leaf416,NRPS,0
s__Leaf420,NRPS,0
s__Leaf49,NRPS,3
s__Leaf44,NRPS,0
s__Leaf50,NRPS,1
s__Leaf98,NRPS,4
s__Leaf113,NRPS,2
s__Leaf121,NRPS,1
s__Leaf122,NRPS,1
s__Leaf123,NRPS,1
s__Leaf127,NRPS,4
s__Leaf137,NRPS,1
s__Leaf141,NRPS,2
s__Leaf160,NRPS,0
s__Leaf51,NRPS,0
s__Leaf53,NRPS,2
s__Leaf64,NRPS,0
s__Leaf70,NRPS,0
s__Leaf75,NRPS,0
s__Leaf76,NRPS,0
s__Leaf78,NRPS,0
s__Leaf84,NRPS,0
s__Leaf90,NRPS,1
s__Leaf92,NRPS,1
s__Leaf10,NRPS,0
s__Leaf11,NRPS,0
s__Leaf16,NRPS,0
s__Leaf17,NRPS,0
s__Leaf198,NRPS,0
s__Leaf208,NRPS,0
s__Leaf20,NRPS,0
s__Leaf226,NRPS,0
s__Leaf22,NRPS,0
s__Leaf230,NRPS,0
s__Leaf231,NRPS,0
s__Leaf23,NRPS,0
s__Leaf242,NRPS,0
s__Leaf24,NRPS,0
s__Leaf257,NRPS,0
s__Leaf25,NRPS,0
s__Leaf28,NRPS,0
s__Leaf29,NRPS,0
s__Leaf30,NRPS,0
s__Leaf32,NRPS,0
s__Leaf339,NRPS,0
s__Leaf33,NRPS,0
s__Leaf343,NRPS,0
s__Leaf34,NRPS,0
s__Leaf357,NRPS,0
s__Leaf38,NRPS,0
s__Leaf407,NRPS,0
s__Leaf412,NRPS,0
s__Leaf42,NRPS,0
s__Leaf5,NRPS,0
s__Leaf62,NRPS,0
s__Leaf67,NRPS,0
s__Leaf9,NRPS,0
s__Leaf119,NRPS,1
s__Leaf129,NRPS,2
s__Leaf182,NRPS,2
s__Leaf334,NRPS,1
s__Leaf361,NRPS,3
s__Leaf363,NRPS,1
s__Leaf396,NRPS,1
s__Leaf405,NRPS,0
s__Leaf427,NRPS,0
s__Leaf434,NRPS,2
s__Leaf443,NRPS,0
s__Leaf446,NRPS,2
s__Leaf453,NRPS,0
s__Leaf459,NRPS,0
s__Leaf460,NRPS,0
s__Leaf48,NRPS,0
s__Leaf100,NRPS,0
s__Leaf102,NRPS,0
s__Leaf104,NRPS,2
s__Leaf106,NRPS,1
s__Leaf108,NRPS,0
s__Leaf112,NRPS,0
s__Leaf125,NRPS,2
s__Leaf126,NRPS,1
s__Leaf130,NRPS,2
s__Leaf131,NRPS,4
s__Leaf148,NRPS,1
s__Leaf151,NRPS,0
s__Leaf154,NRPS,1
s__Leaf155,NRPS,0
s__Leaf15,NRPS,5
s__Leaf168,NRPS,0
s__Leaf176,NRPS,0
s__Leaf177,NRPS,1
s__Leaf179,NRPS,0
s__Leaf180,NRPS,0
s__Leaf61,NRPS,0
s__Leaf324,RiPP,0
s__Leaf225,RiPP,0
s__Leaf233,RiPP,1
s__Leaf247,RiPP,0
s__Leaf258,RiPP,0
s__Leaf278,RiPP,0
s__Leaf354,RiPP,1
s__Leaf380,RiPP,1
s__Leaf58,RiPP,1
s__Leaf69,RiPP,0
s__Leaf72,RiPP,2
s__Leaf7,RiPP,0
s__Leaf82,RiPP,0
s__Leaf85,RiPP,0
s__Leaf86,RiPP,0
s__Leaf91,RiPP,0
s__Leaf93,RiPP,0
s__Leaf288,RiPP,0
s__Leaf307,RiPP,1
s__Leaf311,RiPP,1
s__Leaf337,RiPP,0
s__Leaf369,RiPP,1
s__Leaf371,RiPP,0
s__Leaf399,RiPP,0
s__Leaf404,RiPP,0
s__Leaf436,RiPP,1
s__Leaf465,RiPP,0
s__Leaf466,RiPP,0
s__Leaf469,RiPP,0
s__Leaf68,RiPP,0
s__Leaf83,RiPP,2
s__Leaf87,RiPP,0
s__Leaf88,RiPP,0
s__Leaf89,RiPP,0
s__Leaf94,RiPP,0
s__Leaf99,RiPP,0
s__Leaf111,RiPP,0
s__Leaf117,RiPP,0
s__Leaf139,RiPP,0
s__Leaf13,RiPP,1
s__Leaf145,RiPP,0
s__Leaf159,RiPP,0
s__Leaf161,RiPP,1
s__Leaf164,RiPP,1
s__Leaf171,RiPP,2
s__Leaf172,RiPP,0
s__Leaf183,RiPP,1
s__Leaf185,RiPP,1
s__Leaf186,RiPP,2
s__Leaf187,RiPP,1
s__Leaf189,RiPP,3
s__Leaf191,RiPP,1
s__Leaf196,RiPP,0
s__Leaf1,RiPP,2
s__Leaf8,RiPP,0
s__Leaf201,RiPP,4
s__Leaf210,RiPP,0
s__Leaf220,RiPP,3
s__Leaf222,RiPP,0
s__Leaf234,RiPP,0
s__Leaf245,RiPP,0
s__Leaf254,RiPP,1
s__Leaf262,RiPP,1
s__Leaf263,RiPP,0
s__Leaf264,RiPP,0
s__Leaf272,RiPP,0
s__Leaf285,RiPP,0
s__Leaf289,RiPP,0
s__Leaf291,RiPP,0
s__Leaf294,RiPP,1
s__Leaf296,RiPP,1
s__Leaf299,RiPP,1
s__Leaf304,RiPP,1
s__Leaf306,RiPP,0
s__Leaf314,RiPP,2
s__Leaf320,RiPP,0
s__Leaf321,RiPP,0
s__Leaf456,RiPP,0
s__Leaf2,RiPP,0
s__Leaf3,RiPP,1
s__Leaf26,RiPP,0
s__Leaf41,RiPP,0
s__Leaf194,RiPP,0
s__Leaf202,RiPP,0
s__Leaf203,RiPP,0
s__Leaf216,RiPP,2
s__Leaf244,RiPP,0
s__Leaf261,RiPP,1
s__Leaf265,RiPP,1
s__Leaf267,RiPP,0
s__Leaf274,RiPP,0
s__Leaf280,RiPP,1
s__Leaf283,RiPP,0
s__Leaf344,RiPP,0
s__Leaf406,RiPP,1
s__Leaf454,RiPP,0
s__Leaf325,RiPP,0
s__Leaf326,RiPP,0
s__Leaf335,RiPP,0
s__Leaf336,RiPP,0
s__Leaf341,RiPP,0
s__Leaf347,RiPP,0
s__Leaf351,RiPP,0
s__Leaf359,RiPP,1
s__Leaf383,RiPP,0
s__Leaf384,RiPP,0
s__Leaf386,RiPP,0
s__Leaf391,RiPP,0
s__Leaf394,RiPP,2
s__Leaf395,RiPP,0
s__Leaf400,RiPP,0
s__Leaf414,RiPP,1
s__Leaf415,RiPP,1
s__Leaf416,RiPP,1
s__Leaf420,RiPP,0
s__Leaf49,RiPP,1
s__Leaf44,RiPP,0
s__Leaf50,RiPP,1
s__Leaf98,RiPP,4
s__Leaf113,RiPP,0
s__Leaf121,RiPP,0
s__Leaf122,RiPP,0
s__Leaf123,RiPP,0
s__Leaf127,RiPP,0
s__Leaf137,RiPP,0
s__Leaf141,RiPP,0
s__Leaf160,RiPP,0
s__Leaf51,RiPP,1
s__Leaf53,RiPP,2
s__Leaf64,RiPP,0
s__Leaf70,RiPP,1
s__Leaf75,RiPP,4
s__Leaf76,RiPP,1
s__Leaf78,RiPP,1
s__Leaf84,RiPP,1
s__Leaf90,RiPP,0
s__Leaf92,RiPP,0
s__Leaf10,RiPP,0
s__Leaf11,RiPP,0
s__Leaf16,RiPP,0
s__Leaf17,RiPP,0
s__Leaf198,RiPP,1
s__Leaf208,RiPP,0
s__Leaf20,RiPP,1
s__Leaf226,RiPP,1
s__Leaf22,RiPP,0
s__Leaf230,RiPP,1
s__Leaf231,RiPP,0
s__Leaf23,RiPP,0
s__Leaf242,RiPP,1
s__Leaf24,RiPP,0
s__Leaf257,RiPP,1
s__Leaf25,RiPP,0
s__Leaf28,RiPP,2
s__Leaf29,RiPP,0
s__Leaf30,RiPP,0
s__Leaf32,RiPP,0
s__Leaf339,RiPP,0
s__Leaf33,RiPP,1
s__Leaf343,RiPP,0
s__Leaf34,RiPP,0
s__Leaf357,RiPP,0
s__Leaf38,RiPP,0
s__Leaf407,RiPP,0
s__Leaf412,RiPP,0
s__Leaf42,RiPP,0
s__Leaf5,RiPP,0
s__Leaf62,RiPP,0
s__Leaf67,RiPP,0
s__Leaf9,RiPP,0
s__Leaf119,RiPP,0
s__Leaf129,RiPP,0
s__Leaf182,RiPP,3
s__Leaf334,RiPP,0
s__Leaf361,RiPP,0
s__Leaf363,RiPP,0
s__Leaf396,RiPP,1
s__Leaf405,RiPP,1
s__Leaf427,RiPP,0
s__Leaf434,RiPP,2
s__Leaf443,RiPP,0
s__Leaf446,RiPP,0
s__Leaf453,RiPP,0
s__Leaf459,RiPP,1
s__Leaf460,RiPP,0
s__Leaf48,RiPP,0
s__Leaf100,RiPP,0
s__Leaf102,RiPP,0
s__Leaf104,RiPP,0
s__Leaf106,RiPP,0
s__Leaf108,RiPP,0
s__Leaf112,RiPP,0
s__Leaf125,RiPP,0
s__Leaf126,RiPP,1
s__Leaf130,RiPP,0
s__Leaf131,RiPP,2
s__Leaf148,RiPP,1
s__Leaf151,RiPP,0
s__Leaf154,RiPP,1
s__Leaf155,RiPP,0
s__Leaf15,RiPP,4
s__Leaf168,RiPP,2
s__Leaf176,RiPP,0
s__Leaf177,RiPP,1
s__Leaf179,RiPP,0
s__Leaf180,RiPP,0
s__Leaf61,RiPP,1
s__Leaf324,Quorum.sensing,1
s__Leaf225,Quorum.sensing,0
s__Leaf233,Quorum.sensing,2
s__Leaf247,Quorum.sensing,0
s__Leaf258,Quorum.sensing,0
s__Leaf278,Quorum.sensing,1
s__Leaf354,Quorum.sensing,0
s__Leaf380,Quorum.sensing,0
s__Leaf58,Quorum.sensing,0
s__Leaf69,Quorum.sensing,0
s__Leaf72,Quorum.sensing,0
s__Leaf7,Quorum.sensing,0
s__Leaf82,Quorum.sensing,0
s__Leaf85,Quorum.sensing,1
s__Leaf86,Quorum.sensing,1
s__Leaf91,Quorum.sensing,1
s__Leaf93,Quorum.sensing,1
s__Leaf288,Quorum.sensing,0
s__Leaf307,Quorum.sensing,0
s__Leaf311,Quorum.sensing,0
s__Leaf337,Quorum.sensing,0
s__Leaf369,Quorum.sensing,0
s__Leaf371,Quorum.sensing,1
s__Leaf399,Quorum.sensing,1
s__Leaf404,Quorum.sensing,0
s__Leaf436,Quorum.sensing,0
s__Leaf465,Quorum.sensing,1
s__Leaf466,Quorum.sensing,1
s__Leaf469,Quorum.sensing,1
s__Leaf68,Quorum.sensing,0
s__Leaf83,Quorum.sensing,0
s__Leaf87,Quorum.sensing,1
s__Leaf88,Quorum.sensing,1
s__Leaf89,Quorum.sensing,1
s__Leaf94,Quorum.sensing,1
s__Leaf99,Quorum.sensing,1
s__Leaf111,Quorum.sensing,1
s__Leaf117,Quorum.sensing,1
s__Leaf139,Quorum.sensing,1
s__Leaf13,Quorum.sensing,0
s__Leaf145,Quorum.sensing,0
s__Leaf159,Quorum.sensing,0
s__Leaf161,Quorum.sensing,0
s__Leaf164,Quorum.sensing,0
s__Leaf171,Quorum.sensing,0
s__Leaf172,Quorum.sensing,0
s__Leaf183,Quorum.sensing,0
s__Leaf185,Quorum.sensing,0
s__Leaf186,Quorum.sensing,1
s__Leaf187,Quorum.sensing,0
s__Leaf189,Quorum.sensing,0
s__Leaf191,Quorum.sensing,1
s__Leaf196,Quorum.sensing,0
s__Leaf1,Quorum.sensing,0
s__Leaf8,Quorum.sensing,0
s__Leaf201,Quorum.sensing,0
s__Leaf210,Quorum.sensing,0
s__Leaf220,Quorum.sensing,0
s__Leaf222,Quorum.sensing,0
s__Leaf234,Quorum.sensing,0
s__Leaf245,Quorum.sensing,0
s__Leaf254,Quorum.sensing,0
s__Leaf262,Quorum.sensing,0
s__Leaf263,Quorum.sensing,0
s__Leaf264,Quorum.sensing,0
s__Leaf272,Quorum.sensing,0
s__Leaf285,Quorum.sensing,0
s__Leaf289,Quorum.sensing,0
s__Leaf291,Quorum.sensing,0
s__Leaf294,Quorum.sensing,0
s__Leaf296,Quorum.sensing,0
s__Leaf299,Quorum.sensing,0
s__Leaf304,Quorum.sensing,0
s__Leaf306,Quorum.sensing,0
s__Leaf314,Quorum.sensing,0
s__Leaf320,Quorum.sensing,0
s__Leaf321,Quorum.sensing,0
s__Leaf456,Quorum.sensing,1
s__Leaf2,Quorum.sensing,1
s__Leaf3,Quorum.sensing,1
s__Leaf26,Quorum.sensing,2
s__Leaf41,Quorum.sensing,0
s__Leaf194,Quorum.sensing,0
s__Leaf202,Quorum.sensing,0
s__Leaf203,Quorum.sensing,0
s__Leaf216,Quorum.sensing,0
s__Leaf244,Quorum.sensing,0
s__Leaf261,Quorum.sensing,0
s__Leaf265,Quorum.sensing,0
s__Leaf267,Quorum.sensing,1
s__Leaf274,Quorum.sensing,1
s__Leaf280,Quorum.sensing,0
s__Leaf283,Quorum.sensing,0
s__Leaf344,Quorum.sensing,0
s__Leaf406,Quorum.sensing,0
s__Leaf454,Quorum.sensing,0
s__Leaf325,Quorum.sensing,0
s__Leaf326,Quorum.sensing,0
s__Leaf335,Quorum.sensing,0
s__Leaf336,Quorum.sensing,0
s__Leaf341,Quorum.sensing,0
s__Leaf347,Quorum.sensing,0
s__Leaf351,Quorum.sensing,0
s__Leaf359,Quorum.sensing,0
s__Leaf383,Quorum.sensing,0
s__Leaf384,Quorum.sensing,0
s__Leaf386,Quorum.sensing,3
s__Leaf391,Quorum.sensing,3
s__Leaf394,Quorum.sensing,0
s__Leaf395,Quorum.sensing,0
s__Leaf400,Quorum.sensing,0
s__Leaf414,Quorum.sensing,1
s__Leaf415,Quorum.sensing,0
s__Leaf416,Quorum.sensing,1
s__Leaf420,Quorum.sensing,2
s__Leaf49,Quorum.sensing,0
s__Leaf44,Quorum.sensing,0
s__Leaf50,Quorum.sensing,1
s__Leaf98,Quorum.sensing,0
s__Leaf113,Quorum.sensing,1
s__Leaf121,Quorum.sensing,1
s__Leaf122,Quorum.sensing,1
s__Leaf123,Quorum.sensing,1
s__Leaf127,Quorum.sensing,0
s__Leaf137,Quorum.sensing,0
s__Leaf141,Quorum.sensing,0
s__Leaf160,Quorum.sensing,0
s__Leaf51,Quorum.sensing,1
s__Leaf53,Quorum.sensing,3
s__Leaf64,Quorum.sensing,2
s__Leaf70,Quorum.sensing,1
s__Leaf75,Quorum.sensing,0
s__Leaf76,Quorum.sensing,1
s__Leaf78,Quorum.sensing,1
s__Leaf84,Quorum.sensing,1
s__Leaf90,Quorum.sensing,1
s__Leaf92,Quorum.sensing,1
s__Leaf10,Quorum.sensing,0
s__Leaf11,Quorum.sensing,0
s__Leaf16,Quorum.sensing,0
s__Leaf17,Quorum.sensing,0
s__Leaf198,Quorum.sensing,0
s__Leaf208,Quorum.sensing,0
s__Leaf20,Quorum.sensing,0
s__Leaf226,Quorum.sensing,0
s__Leaf22,Quorum.sensing,0
s__Leaf230,Quorum.sensing,0
s__Leaf231,Quorum.sensing,0
s__Leaf23,Quorum.sensing,0
s__Leaf242,Quorum.sensing,0
s__Leaf24,Quorum.sensing,1
s__Leaf257,Quorum.sensing,0
s__Leaf25,Quorum.sensing,0
s__Leaf28,Quorum.sensing,0
s__Leaf29,Quorum.sensing,0
s__Leaf30,Quorum.sensing,0
s__Leaf32,Quorum.sensing,0
s__Leaf339,Quorum.sensing,0
s__Leaf33,Quorum.sensing,0
s__Leaf343,Quorum.sensing,0
s__Leaf34,Quorum.sensing,0
s__Leaf357,Quorum.sensing,0
s__Leaf38,Quorum.sensing,0
s__Leaf407,Quorum.sensing,0
s__Leaf412,Quorum.sensing,0
s__Leaf42,Quorum.sensing,0
s__Leaf5,Quorum.sensing,1
s__Leaf62,Quorum.sensing,0
s__Leaf67,Quorum.sensing,0
s__Leaf9,Quorum.sensing,0
s__Leaf119,Quorum.sensing,1
s__Leaf129,Quorum.sensing,1
s__Leaf182,Quorum.sensing,0
s__Leaf334,Quorum.sensing,0
s__Leaf361,Quorum.sensing,2
s__Leaf363,Quorum.sensing,0
s__Leaf396,Quorum.sensing,3
s__Leaf405,Quorum.sensing,0
s__Leaf427,Quorum.sensing,2
s__Leaf434,Quorum.sensing,0
s__Leaf443,Quorum.sensing,0
s__Leaf446,Quorum.sensing,0
s__Leaf453,Quorum.sensing,2
s__Leaf459,Quorum.sensing,1
s__Leaf460,Quorum.sensing,2
s__Leaf48,Quorum.sensing,0
s__Leaf100,Quorum.sensing,1
s__Leaf102,Quorum.sensing,1
s__Leaf104,Quorum.sensing,1
s__Leaf106,Quorum.sensing,1
s__Leaf108,Quorum.sensing,1
s__Leaf112,Quorum.sensing,1
s__Leaf125,Quorum.sensing,1
s__Leaf126,Quorum.sensing,1
s__Leaf130,Quorum.sensing,1
s__Leaf131,Quorum.sensing,0
s__Leaf148,Quorum.sensing,0
s__Leaf151,Quorum.sensing,0
s__Leaf154,Quorum.sensing,1
s__Leaf155,Quorum.sensing,0
s__Leaf15,Quorum.sensing,0
s__Leaf168,Quorum.sensing,0
s__Leaf176,Quorum.sensing,0
s__Leaf177,Quorum.sensing,0
s__Leaf179,Quorum.sensing,0
s__Leaf180,Quorum.sensing,0
s__Leaf61,Quorum.sensing,4
s__Leaf324,terpene,2
s__Leaf225,terpene,2
s__Leaf233,terpene,2
s__Leaf247,terpene,2
s__Leaf258,terpene,2
s__Leaf278,terpene,2
s__Leaf354,terpene,2
s__Leaf380,terpene,2
s__Leaf58,terpene,0
s__Leaf69,terpene,0
s__Leaf72,terpene,1
s__Leaf7,terpene,2
s__Leaf82,terpene,2
s__Leaf85,terpene,3
s__Leaf86,terpene,3
s__Leaf91,terpene,3
s__Leaf93,terpene,3
s__Leaf288,terpene,1
s__Leaf307,terpene,1
s__Leaf311,terpene,1
s__Leaf337,terpene,0
s__Leaf369,terpene,2
s__Leaf371,terpene,1
s__Leaf399,terpene,3
s__Leaf404,terpene,1
s__Leaf436,terpene,1
s__Leaf465,terpene,3
s__Leaf466,terpene,3
s__Leaf469,terpene,3
s__Leaf68,terpene,1
s__Leaf83,terpene,0
s__Leaf87,terpene,3
s__Leaf88,terpene,3
s__Leaf89,terpene,3
s__Leaf94,terpene,3
s__Leaf99,terpene,3
s__Leaf111,terpene,3
s__Leaf117,terpene,3
s__Leaf139,terpene,2
s__Leaf13,terpene,2
s__Leaf145,terpene,1
s__Leaf159,terpene,1
s__Leaf161,terpene,1
s__Leaf164,terpene,1
s__Leaf171,terpene,1
s__Leaf172,terpene,1
s__Leaf183,terpene,1
s__Leaf185,terpene,1
s__Leaf186,terpene,1
s__Leaf187,terpene,2
s__Leaf189,terpene,1
s__Leaf191,terpene,1
s__Leaf196,terpene,2
s__Leaf1,terpene,1
s__Leaf8,terpene,1
s__Leaf201,terpene,1
s__Leaf210,terpene,1
s__Leaf220,terpene,2
s__Leaf222,terpene,1
s__Leaf234,terpene,1
s__Leaf245,terpene,1
s__Leaf254,terpene,1
s__Leaf262,terpene,1
s__Leaf263,terpene,1
s__Leaf264,terpene,1
s__Leaf272,terpene,1
s__Leaf285,terpene,1
s__Leaf289,terpene,1
s__Leaf291,terpene,1
s__Leaf294,terpene,1
s__Leaf296,terpene,1
s__Leaf299,terpene,1
s__Leaf304,terpene,1
s__Leaf306,terpene,1
s__Leaf314,terpene,1
s__Leaf320,terpene,1
s__Leaf321,terpene,2
s__Leaf456,terpene,2
s__Leaf2,terpene,1
s__Leaf3,terpene,1
s__Leaf26,terpene,1
s__Leaf41,terpene,1
s__Leaf194,terpene,1
s__Leaf202,terpene,1
s__Leaf203,terpene,1
s__Leaf216,terpene,2
s__Leaf244,terpene,1
s__Leaf261,terpene,1
s__Leaf265,terpene,1
s__Leaf267,terpene,2
s__Leaf274,terpene,2
s__Leaf280,terpene,1
s__Leaf283,terpene,1
s__Leaf344,terpene,2
s__Leaf406,terpene,1
s__Leaf454,terpene,2
s__Leaf325,terpene,1
s__Leaf326,terpene,2
s__Leaf335,terpene,1
s__Leaf336,terpene,1
s__Leaf341,terpene,1
s__Leaf347,terpene,1
s__Leaf351,terpene,1
s__Leaf359,terpene,2
s__Leaf383,terpene,1
s__Leaf384,terpene,1
s__Leaf386,terpene,1
s__Leaf391,terpene,1
s__Leaf394,terpene,1
s__Leaf395,terpene,1
s__Leaf400,terpene,1
s__Leaf414,terpene,1
s__Leaf415,terpene,1
s__Leaf416,terpene,1
s__Leaf420,terpene,1
s__Leaf49,terpene,1
s__Leaf44,terpene,1
s__Leaf50,terpene,0
s__Leaf98,terpene,0
s__Leaf113,terpene,3
s__Leaf121,terpene,2
s__Leaf122,terpene,2
s__Leaf123,terpene,2
s__Leaf127,terpene,1
s__Leaf137,terpene,0
s__Leaf141,terpene,0
s__Leaf160,terpene,2
s__Leaf51,terpene,0
s__Leaf53,terpene,0
s__Leaf64,terpene,1
s__Leaf70,terpene,0
s__Leaf75,terpene,3
s__Leaf76,terpene,1
s__Leaf78,terpene,1
s__Leaf84,terpene,1
s__Leaf90,terpene,2
s__Leaf92,terpene,2
s__Leaf10,terpene,1
s__Leaf11,terpene,1
s__Leaf16,terpene,1
s__Leaf17,terpene,1
s__Leaf198,terpene,2
s__Leaf208,terpene,1
s__Leaf20,terpene,1
s__Leaf226,terpene,1
s__Leaf22,terpene,1
s__Leaf230,terpene,1
s__Leaf231,terpene,2
s__Leaf23,terpene,1
s__Leaf242,terpene,2
s__Leaf24,terpene,1
s__Leaf257,terpene,1
s__Leaf25,terpene,0
s__Leaf28,terpene,1
s__Leaf29,terpene,1
s__Leaf30,terpene,1
s__Leaf32,terpene,1
s__Leaf339,terpene,1
s__Leaf33,terpene,1
s__Leaf343,terpene,1
s__Leaf34,terpene,1
s__Leaf357,terpene,2
s__Leaf38,terpene,1
s__Leaf407,terpene,0
s__Leaf412,terpene,2
s__Leaf42,terpene,0
s__Leaf5,terpene,1
s__Leaf62,terpene,1
s__Leaf67,terpene,1
s__Leaf9,terpene,1
s__Leaf119,terpene,2
s__Leaf129,terpene,1
s__Leaf182,terpene,1
s__Leaf334,terpene,1
s__Leaf361,terpene,3
s__Leaf363,terpene,1
s__Leaf396,terpene,2
s__Leaf405,terpene,1
s__Leaf427,terpene,2
s__Leaf434,terpene,0
s__Leaf443,terpene,2
s__Leaf446,terpene,1
s__Leaf453,terpene,1
s__Leaf459,terpene,1
s__Leaf460,terpene,2
s__Leaf48,terpene,0
s__Leaf100,terpene,3
s__Leaf102,terpene,3
s__Leaf104,terpene,3
s__Leaf106,terpene,3
s__Leaf108,terpene,3
s__Leaf112,terpene,3
s__Leaf125,terpene,3
s__Leaf126,terpene,2
s__Leaf130,terpene,0
s__Leaf131,terpene,0
s__Leaf148,terpene,0
s__Leaf151,terpene,1
s__Leaf154,terpene,1
s__Leaf155,terpene,1
s__Leaf15,terpene,0
s__Leaf168,terpene,1
s__Leaf176,terpene,1
s__Leaf177,terpene,3
s__Leaf179,terpene,1
s__Leaf180,terpene,1
s__Leaf61,terpene,1
s__Leaf324,other,0
s__Leaf225,other,3
s__Leaf233,other,4
s__Leaf247,other,3
s__Leaf258,other,3
s__Leaf278,other,4
s__Leaf354,other,4
s__Leaf380,other,1
s__Leaf58,other,0
s__Leaf69,other,3
s__Leaf72,other,4
s__Leaf7,other,3
s__Leaf82,other,1
s__Leaf85,other,2
s__Leaf86,other,1
s__Leaf91,other,0
s__Leaf93,other,2
s__Leaf288,other,3
s__Leaf307,other,2
s__Leaf311,other,0
s__Leaf337,other,3
s__Leaf369,other,0
s__Leaf371,other,0
s__Leaf399,other,1
s__Leaf404,other,0
s__Leaf436,other,1
s__Leaf465,other,1
s__Leaf466,other,1
s__Leaf469,other,2
s__Leaf68,other,2
s__Leaf83,other,0
s__Leaf87,other,2
s__Leaf88,other,1
s__Leaf89,other,2
s__Leaf94,other,1
s__Leaf99,other,2
s__Leaf111,other,1
s__Leaf117,other,1
s__Leaf139,other,1
s__Leaf13,other,1
s__Leaf145,other,2
s__Leaf159,other,0
s__Leaf161,other,1
s__Leaf164,other,2
s__Leaf171,other,1
s__Leaf172,other,1
s__Leaf183,other,2
s__Leaf185,other,1
s__Leaf186,other,0
s__Leaf187,other,1
s__Leaf189,other,0
s__Leaf191,other,0
s__Leaf196,other,0
s__Leaf1,other,1
s__Leaf8,other,2
s__Leaf201,other,0
s__Leaf210,other,1
s__Leaf220,other,0
s__Leaf222,other,2
s__Leaf234,other,1
s__Leaf245,other,2
s__Leaf254,other,2
s__Leaf262,other,1
s__Leaf263,other,1
s__Leaf264,other,1
s__Leaf272,other,2
s__Leaf285,other,2
s__Leaf289,other,2
s__Leaf291,other,2
s__Leaf294,other,1
s__Leaf296,other,1
s__Leaf299,other,1
s__Leaf304,other,1
s__Leaf306,other,0
s__Leaf314,other,1
s__Leaf320,other,1
s__Leaf321,other,0
s__Leaf456,other,2
s__Leaf2,other,0
s__Leaf3,other,1
s__Leaf26,other,1
s__Leaf41,other,0
s__Leaf194,other,0
s__Leaf202,other,2
s__Leaf203,other,1
s__Leaf216,other,0
s__Leaf244,other,2
s__Leaf261,other,2
s__Leaf265,other,0
s__Leaf267,other,0
s__Leaf274,other,0
s__Leaf280,other,0
s__Leaf283,other,2
s__Leaf344,other,1
s__Leaf406,other,0
s__Leaf454,other,0
s__Leaf325,other,1
s__Leaf326,other,0
s__Leaf335,other,1
s__Leaf336,other,1
s__Leaf341,other,1
s__Leaf347,other,0
s__Leaf351,other,0
s__Leaf359,other,0
s__Leaf383,other,0
s__Leaf384,other,0
s__Leaf386,other,3
s__Leaf391,other,3
s__Leaf394,other,0
s__Leaf395,other,1
s__Leaf400,other,0
s__Leaf414,other,0
s__Leaf415,other,2
s__Leaf416,other,0
s__Leaf420,other,0
s__Leaf49,other,2
s__Leaf44,other,2
s__Leaf50,other,0
s__Leaf98,other,3
s__Leaf113,other,2
s__Leaf121,other,2
s__Leaf122,other,2
s__Leaf123,other,3
s__Leaf127,other,1
s__Leaf137,other,2
s__Leaf141,other,2
s__Leaf160,other,0
s__Leaf51,other,1
s__Leaf53,other,0
s__Leaf64,other,0
s__Leaf70,other,0
s__Leaf75,other,2
s__Leaf76,other,0
s__Leaf78,other,0
s__Leaf84,other,0
s__Leaf90,other,2
s__Leaf92,other,2
s__Leaf10,other,0
s__Leaf11,other,0
s__Leaf16,other,0
s__Leaf17,other,0
s__Leaf198,other,1
s__Leaf208,other,1
s__Leaf20,other,0
s__Leaf226,other,0
s__Leaf22,other,0
s__Leaf230,other,1
s__Leaf231,other,0
s__Leaf23,other,0
s__Leaf242,other,1
s__Leaf24,other,0
s__Leaf257,other,1
s__Leaf25,other,0
s__Leaf28,other,1
s__Leaf29,other,0
s__Leaf30,other,0
s__Leaf32,other,0
s__Leaf339,other,0
s__Leaf33,other,0
s__Leaf343,other,0
s__Leaf34,other,0
s__Leaf357,other,0
s__Leaf38,other,0
s__Leaf407,other,0
s__Leaf412,other,0
s__Leaf42,other,0
s__Leaf5,other,0
s__Leaf62,other,0
s__Leaf67,other,0
s__Leaf9,other,0
s__Leaf119,other,2
s__Leaf129,other,2
s__Leaf182,other,1
s__Leaf334,other,1
s__Leaf361,other,1
s__Leaf363,other,0
s__Leaf396,other,0
s__Leaf405,other,0
s__Leaf427,other,0
s__Leaf434,other,1
s__Leaf443,other,0
s__Leaf446,other,1
s__Leaf453,other,3
s__Leaf459,other,0
s__Leaf460,other,0
s__Leaf48,other,1
s__Leaf100,other,2
s__Leaf102,other,2
s__Leaf104,other,1
s__Leaf106,other,1
s__Leaf108,other,1
s__Leaf112,other,1
s__Leaf125,other,2
s__Leaf126,other,0
s__Leaf130,other,2
s__Leaf131,other,1
s__Leaf148,other,1
s__Leaf151,other,1
s__Leaf154,other,3
s__Leaf155,other,2
s__Leaf15,other,3
s__Leaf168,other,0
s__Leaf176,other,0
s__Leaf177,other,1
s__Leaf179,other,1
s__Leaf180,other,0
s__Leaf61,other,2
