Strain,Number,value
s__Leaf182,Inhibitor Strong,32
s__Leaf98,Inhibitor Strong,17
s__Leaf434,Inhibitor Strong,6
s__Leaf58,Inhibitor Strong,4
s__Leaf15,Inhibitor Strong,10
s__Leaf49,Inhibitor Strong,9
s__Leaf2,Inhibitor Strong,5
s__Leaf408,Inhibitor Strong,11
s__Leaf75,Inhibitor Strong,9
s__Leaf82,Inhibitor Strong,9
s__Leaf196,Inhibitor Strong,3
s__Leaf154,Inhibitor Strong,2
s__Leaf11,Inhibitor Strong,4
s__Leaf126,Inhibitor Strong,2
s__Leaf130,Inhibitor Strong,5
s__Leaf187,Inhibitor Strong,0
s__Leaf30,Inhibitor Strong,5
s__Leaf304,Inhibitor Strong,0
s__Leaf59,Inhibitor Strong,0
s__Leaf177,Inhibitor Strong,1
s__Leaf127,Inhibitor Strong,1
s__Leaf61,Inhibitor Strong,1
s__Leaf202,Inhibitor Strong,1
s__Leaf131,Inhibitor Strong,0
s__Leaf272,Inhibitor Strong,0
s__Leaf145,Inhibitor Strong,0
s__Leaf245,Inhibitor Strong,3
s__Leaf359,Inhibitor Strong,2
s__Leaf394,Inhibitor Strong,0
s__Leaf404,Inhibitor Strong,0
s__Leaf285,Inhibitor Strong,0
s__Leaf148,Inhibitor Strong,0
s__Leaf141,Inhibitor Strong,0
s__Leaf137,Inhibitor Strong,0
s__Leaf167,Inhibitor Strong,0
s__Leaf194,Inhibitor Strong,0
s__Leaf201,Inhibitor Strong,0
s__Leaf465,Inhibitor Strong,1
s__Leaf78,Inhibitor Strong,0
s__Leaf83,Inhibitor Strong,0
s__Leaf16,Inhibitor Strong,0
s__Leaf291,Inhibitor Strong,0
s__Leaf32,Inhibitor Strong,0
s__Leaf69,Inhibitor Strong,0
s__Leaf289,Inhibitor Strong,0
s__Leaf13,Inhibitor Strong,0
s__Leaf139,Inhibitor Strong,0
s__Leaf176,Inhibitor Strong,0
s__Leaf203,Inhibitor Strong,0
s__Leaf254,Inhibitor Strong,0
s__Leaf313,Inhibitor Strong,0
s__Leaf405,Inhibitor Strong,0
s__Leaf53,Inhibitor Strong,0
s__Leaf68,Inhibitor Strong,0
s__Leaf70,Inhibitor Strong,0
s__Leaf407,Inhibitor Strong,0
s__Leaf28,Inhibitor Strong,0
s__Leaf357,Inhibitor Strong,0
s__Leaf374,Inhibitor Strong,1
s__Leaf44,Inhibitor Strong,0
s__Leaf395,Inhibitor Strong,0
s__Leaf122,Inhibitor Strong,0
s__Leaf125,Inhibitor Strong,0
s__Leaf23,Inhibitor Strong,0
s__Leaf93,Inhibitor Strong,1
s__Leaf250,Inhibitor Strong,0
s__Leaf191,Inhibitor Strong,0
s__Leaf21,Inhibitor Strong,0
s__Leaf280,Inhibitor Strong,0
s__Leaf337,Inhibitor Strong,0
s__Leaf121,Inhibitor Strong,0
s__Leaf129,Inhibitor Strong,0
s__Leaf161,Inhibitor Strong,0
s__Leaf170,Inhibitor Strong,0
s__Leaf262,Inhibitor Strong,0
s__Leaf264,Inhibitor Strong,0
s__Leaf306,Inhibitor Strong,0
s__Leaf48,Inhibitor Strong,0
s__Leaf76,Inhibitor Strong,0
s__Leaf326,Inhibitor Strong,0
s__Leaf41,Inhibitor Strong,0
s__Leaf401,Inhibitor Strong,0
s__Leaf205,Inhibitor Strong,0
s__Leaf242,Inhibitor Strong,0
s__Leaf62,Inhibitor Strong,0
s__Leaf38,Inhibitor Strong,0
s__Leaf33,Inhibitor Strong,0
s__Leaf198,Inhibitor Strong,0
s__Leaf17,Inhibitor Strong,0
s__Leaf180,Inhibitor Strong,0
s__Leaf189,Inhibitor Strong,0
s__Leaf208,Inhibitor Strong,0
s__Leaf34,Inhibitor Strong,0
s__Leaf443,Inhibitor Strong,0
s__Leaf1,Inhibitor Strong,0
s__Leaf234,Inhibitor Strong,0
s__Leaf369,Inhibitor Strong,0
s__Leaf307,Inhibitor Strong,0
s__Leaf42,Inhibitor Strong,0
s__Leaf8,Inhibitor Strong,0
s__Leaf226,Inhibitor Strong,0
s__Leaf400,Inhibitor Strong,0
s__Leaf89,Inhibitor Strong,0
s__Leaf186,Inhibitor Strong,0
s__Leaf335,Inhibitor Strong,0
s__Leaf37,Inhibitor Strong,0
s__Leaf5,Inhibitor Strong,0
s__Leaf67,Inhibitor Strong,0
s__Leaf29,Inhibitor Strong,0
s__Leaf380,Inhibitor Strong,0
s__Leaf459,Inhibitor Strong,0
s__Leaf64,Inhibitor Strong,0
s__Leaf9,Inhibitor Strong,0
s__Leaf220,Inhibitor Strong,0
s__Leaf25,Inhibitor Strong,0
s__Leaf22,Inhibitor Strong,0
s__Leaf3,Inhibitor Strong,0
s__Leaf334,Inhibitor Strong,0
s__Leaf453,Inhibitor Strong,0
s__Leaf446,Inhibitor Strong,0
s__Leaf347,Inhibitor Strong,0
s__Leaf113,Inhibitor Strong,0
s__Leaf351,Inhibitor Strong,0
s__Leaf111,Inhibitor Strong,0
s__Leaf117,Inhibitor Strong,0
s__Leaf72,Inhibitor Strong,0
s__Leaf341,Inhibitor Strong,0
s__Leaf92,Inhibitor Strong,0
s__Leaf132,Inhibitor Strong,0
s__Leaf123,Inhibitor Strong,0
s__Leaf151,Inhibitor Strong,0
s__Leaf339,Inhibitor Strong,0
s__Leaf344,Inhibitor Strong,0
s__Leaf363,Inhibitor Strong,0
s__Leaf4,Inhibitor Strong,0
s__Leaf10,Inhibitor Strong,0
s__Leaf100,Inhibitor Strong,0
s__Leaf267,Inhibitor Strong,0
s__Leaf294,Inhibitor Strong,0
s__Leaf343,Inhibitor Strong,0
s__Leaf384,Inhibitor Strong,0
s__Leaf420,Inhibitor Strong,0
s__Leaf427,Inhibitor Strong,0
s__Leaf436,Inhibitor Strong,0
s__Leaf456,Inhibitor Strong,0
s__Leaf466,Inhibitor Strong,0
s__Leaf84,Inhibitor Strong,0
s__Leaf90,Inhibitor Strong,0
s__Leaf102,Inhibitor Strong,0
s__Leaf106,Inhibitor Strong,0
s__Leaf112,Inhibitor Strong,0
s__Leaf155,Inhibitor Strong,0
s__Leaf20,Inhibitor Strong,0
s__Leaf225,Inhibitor Strong,0
s__Leaf230,Inhibitor Strong,0
s__Leaf258,Inhibitor Strong,0
s__Leaf320,Inhibitor Strong,0
s__Leaf325,Inhibitor Strong,0
s__Leaf350,Inhibitor Strong,0
s__Leaf354,Inhibitor Strong,0
s__Leaf396,Inhibitor Strong,0
s__Leaf414,Inhibitor Strong,0
s__Leaf416,Inhibitor Strong,0
s__Leaf87,Inhibitor Strong,0
s__Leaf91,Inhibitor Strong,0
s__Leaf99,Inhibitor Strong,0
s__Leaf172,Inhibitor Strong,0
s__Leaf185,Inhibitor Strong,0
s__Leaf24,Inhibitor Strong,0
s__Leaf263,Inhibitor Strong,0
s__Leaf283,Inhibitor Strong,0
s__Leaf299,Inhibitor Strong,0
s__Leaf314,Inhibitor Strong,0
s__Leaf361,Inhibitor Strong,0
s__Leaf399,Inhibitor Strong,0
s__Leaf412,Inhibitor Strong,0
s__Leaf460,Inhibitor Strong,0
s__Leaf7,Inhibitor Strong,0
s__Leaf86,Inhibitor Strong,0
s__Leaf108,Inhibitor Strong,0
s__Leaf118,Inhibitor Strong,0
s__Leaf119,Inhibitor Strong,0
s__Leaf160,Inhibitor Strong,0
s__Leaf179,Inhibitor Strong,0
s__Leaf183,Inhibitor Strong,0
s__Leaf231,Inhibitor Strong,0
s__Leaf244,Inhibitor Strong,0
s__Leaf248,Inhibitor Strong,0
s__Leaf26,Inhibitor Strong,0
s__Leaf265,Inhibitor Strong,0
s__Leaf296,Inhibitor Strong,0
s__Leaf321,Inhibitor Strong,0
s__Leaf386,Inhibitor Strong,0
s__Leaf391,Inhibitor Strong,0
s__Leaf415,Inhibitor Strong,0
s__Leaf85,Inhibitor Strong,0
s__Leaf88,Inhibitor Strong,0
s__Leaf182,Inhibitor Weak,79
s__Leaf98,Inhibitor Weak,50
s__Leaf434,Inhibitor Weak,50
s__Leaf58,Inhibitor Weak,50
s__Leaf15,Inhibitor Weak,37
s__Leaf49,Inhibitor Weak,23
s__Leaf2,Inhibitor Weak,26
s__Leaf408,Inhibitor Weak,20
s__Leaf75,Inhibitor Weak,13
s__Leaf82,Inhibitor Weak,12
s__Leaf196,Inhibitor Weak,14
s__Leaf154,Inhibitor Weak,13
s__Leaf11,Inhibitor Weak,9
s__Leaf126,Inhibitor Weak,11
s__Leaf130,Inhibitor Weak,8
s__Leaf187,Inhibitor Weak,11
s__Leaf30,Inhibitor Weak,5
s__Leaf304,Inhibitor Weak,9
s__Leaf59,Inhibitor Weak,9
s__Leaf177,Inhibitor Weak,7
s__Leaf127,Inhibitor Weak,6
s__Leaf61,Inhibitor Weak,6
s__Leaf202,Inhibitor Weak,5
s__Leaf131,Inhibitor Weak,6
s__Leaf272,Inhibitor Weak,6
s__Leaf145,Inhibitor Weak,5
s__Leaf245,Inhibitor Weak,1
s__Leaf359,Inhibitor Weak,2
s__Leaf394,Inhibitor Weak,3
s__Leaf404,Inhibitor Weak,3
s__Leaf285,Inhibitor Weak,3
s__Leaf148,Inhibitor Weak,3
s__Leaf141,Inhibitor Weak,3
s__Leaf137,Inhibitor Weak,3
s__Leaf167,Inhibitor Weak,3
s__Leaf194,Inhibitor Weak,3
s__Leaf201,Inhibitor Weak,3
s__Leaf465,Inhibitor Weak,2
s__Leaf78,Inhibitor Weak,3
s__Leaf83,Inhibitor Weak,3
s__Leaf16,Inhibitor Weak,2
s__Leaf291,Inhibitor Weak,2
s__Leaf32,Inhibitor Weak,2
s__Leaf69,Inhibitor Weak,2
s__Leaf289,Inhibitor Weak,2
s__Leaf13,Inhibitor Weak,2
s__Leaf139,Inhibitor Weak,2
s__Leaf176,Inhibitor Weak,2
s__Leaf203,Inhibitor Weak,2
s__Leaf254,Inhibitor Weak,2
s__Leaf313,Inhibitor Weak,2
s__Leaf405,Inhibitor Weak,2
s__Leaf53,Inhibitor Weak,2
s__Leaf68,Inhibitor Weak,2
s__Leaf70,Inhibitor Weak,2
s__Leaf407,Inhibitor Weak,1
s__Leaf28,Inhibitor Weak,1
s__Leaf357,Inhibitor Weak,1
s__Leaf374,Inhibitor Weak,0
s__Leaf44,Inhibitor Weak,1
s__Leaf395,Inhibitor Weak,1
s__Leaf122,Inhibitor Weak,1
s__Leaf125,Inhibitor Weak,1
s__Leaf23,Inhibitor Weak,1
s__Leaf93,Inhibitor Weak,0
s__Leaf250,Inhibitor Weak,1
s__Leaf191,Inhibitor Weak,1
s__Leaf21,Inhibitor Weak,1
s__Leaf280,Inhibitor Weak,1
s__Leaf337,Inhibitor Weak,1
s__Leaf121,Inhibitor Weak,1
s__Leaf129,Inhibitor Weak,1
s__Leaf161,Inhibitor Weak,1
s__Leaf170,Inhibitor Weak,1
s__Leaf262,Inhibitor Weak,1
s__Leaf264,Inhibitor Weak,1
s__Leaf306,Inhibitor Weak,1
s__Leaf48,Inhibitor Weak,1
s__Leaf76,Inhibitor Weak,1
s__Leaf326,Inhibitor Weak,0
s__Leaf41,Inhibitor Weak,0
s__Leaf401,Inhibitor Weak,0
s__Leaf205,Inhibitor Weak,0
s__Leaf242,Inhibitor Weak,0
s__Leaf62,Inhibitor Weak,0
s__Leaf38,Inhibitor Weak,0
s__Leaf33,Inhibitor Weak,0
s__Leaf198,Inhibitor Weak,0
s__Leaf17,Inhibitor Weak,0
s__Leaf180,Inhibitor Weak,0
s__Leaf189,Inhibitor Weak,0
s__Leaf208,Inhibitor Weak,0
s__Leaf34,Inhibitor Weak,0
s__Leaf443,Inhibitor Weak,0
s__Leaf1,Inhibitor Weak,0
s__Leaf234,Inhibitor Weak,0
s__Leaf369,Inhibitor Weak,0
s__Leaf307,Inhibitor Weak,0
s__Leaf42,Inhibitor Weak,0
s__Leaf8,Inhibitor Weak,0
s__Leaf226,Inhibitor Weak,0
s__Leaf400,Inhibitor Weak,0
s__Leaf89,Inhibitor Weak,0
s__Leaf186,Inhibitor Weak,0
s__Leaf335,Inhibitor Weak,0
s__Leaf37,Inhibitor Weak,0
s__Leaf5,Inhibitor Weak,0
s__Leaf67,Inhibitor Weak,0
s__Leaf29,Inhibitor Weak,0
s__Leaf380,Inhibitor Weak,0
s__Leaf459,Inhibitor Weak,0
s__Leaf64,Inhibitor Weak,0
s__Leaf9,Inhibitor Weak,0
s__Leaf220,Inhibitor Weak,0
s__Leaf25,Inhibitor Weak,0
s__Leaf22,Inhibitor Weak,0
s__Leaf3,Inhibitor Weak,0
s__Leaf334,Inhibitor Weak,0
s__Leaf453,Inhibitor Weak,0
s__Leaf446,Inhibitor Weak,0
s__Leaf347,Inhibitor Weak,0
s__Leaf113,Inhibitor Weak,0
s__Leaf351,Inhibitor Weak,0
s__Leaf111,Inhibitor Weak,0
s__Leaf117,Inhibitor Weak,0
s__Leaf72,Inhibitor Weak,0
s__Leaf341,Inhibitor Weak,0
s__Leaf92,Inhibitor Weak,0
s__Leaf132,Inhibitor Weak,0
s__Leaf123,Inhibitor Weak,0
s__Leaf151,Inhibitor Weak,0
s__Leaf339,Inhibitor Weak,0
s__Leaf344,Inhibitor Weak,0
s__Leaf363,Inhibitor Weak,0
s__Leaf4,Inhibitor Weak,0
s__Leaf10,Inhibitor Weak,0
s__Leaf100,Inhibitor Weak,0
s__Leaf267,Inhibitor Weak,0
s__Leaf294,Inhibitor Weak,0
s__Leaf343,Inhibitor Weak,0
s__Leaf384,Inhibitor Weak,0
s__Leaf420,Inhibitor Weak,0
s__Leaf427,Inhibitor Weak,0
s__Leaf436,Inhibitor Weak,0
s__Leaf456,Inhibitor Weak,0
s__Leaf466,Inhibitor Weak,0
s__Leaf84,Inhibitor Weak,0
s__Leaf90,Inhibitor Weak,0
s__Leaf102,Inhibitor Weak,0
s__Leaf106,Inhibitor Weak,0
s__Leaf112,Inhibitor Weak,0
s__Leaf155,Inhibitor Weak,0
s__Leaf20,Inhibitor Weak,0
s__Leaf225,Inhibitor Weak,0
s__Leaf230,Inhibitor Weak,0
s__Leaf258,Inhibitor Weak,0
s__Leaf320,Inhibitor Weak,0
s__Leaf325,Inhibitor Weak,0
s__Leaf350,Inhibitor Weak,0
s__Leaf354,Inhibitor Weak,0
s__Leaf396,Inhibitor Weak,0
s__Leaf414,Inhibitor Weak,0
s__Leaf416,Inhibitor Weak,0
s__Leaf87,Inhibitor Weak,0
s__Leaf91,Inhibitor Weak,0
s__Leaf99,Inhibitor Weak,0
s__Leaf172,Inhibitor Weak,0
s__Leaf185,Inhibitor Weak,0
s__Leaf24,Inhibitor Weak,0
s__Leaf263,Inhibitor Weak,0
s__Leaf283,Inhibitor Weak,0
s__Leaf299,Inhibitor Weak,0
s__Leaf314,Inhibitor Weak,0
s__Leaf361,Inhibitor Weak,0
s__Leaf399,Inhibitor Weak,0
s__Leaf412,Inhibitor Weak,0
s__Leaf460,Inhibitor Weak,0
s__Leaf7,Inhibitor Weak,0
s__Leaf86,Inhibitor Weak,0
s__Leaf108,Inhibitor Weak,0
s__Leaf118,Inhibitor Weak,0
s__Leaf119,Inhibitor Weak,0
s__Leaf160,Inhibitor Weak,0
s__Leaf179,Inhibitor Weak,0
s__Leaf183,Inhibitor Weak,0
s__Leaf231,Inhibitor Weak,0
s__Leaf244,Inhibitor Weak,0
s__Leaf248,Inhibitor Weak,0
s__Leaf26,Inhibitor Weak,0
s__Leaf265,Inhibitor Weak,0
s__Leaf296,Inhibitor Weak,0
s__Leaf321,Inhibitor Weak,0
s__Leaf386,Inhibitor Weak,0
s__Leaf391,Inhibitor Weak,0
s__Leaf415,Inhibitor Weak,0
s__Leaf85,Inhibitor Weak,0
s__Leaf88,Inhibitor Weak,0
s__Leaf182,Sensitive Strong,0
s__Leaf98,Sensitive Strong,0
s__Leaf434,Sensitive Strong,0
s__Leaf58,Sensitive Strong,0
s__Leaf15,Sensitive Strong,0
s__Leaf49,Sensitive Strong,0
s__Leaf2,Sensitive Strong,1
s__Leaf408,Sensitive Strong,0
s__Leaf75,Sensitive Strong,0
s__Leaf82,Sensitive Strong,0
s__Leaf196,Sensitive Strong,0
s__Leaf154,Sensitive Strong,0
s__Leaf11,Sensitive Strong,1
s__Leaf126,Sensitive Strong,0
s__Leaf130,Sensitive Strong,0
s__Leaf187,Sensitive Strong,0
s__Leaf30,Sensitive Strong,2
s__Leaf304,Sensitive Strong,2
s__Leaf59,Sensitive Strong,0
s__Leaf177,Sensitive Strong,0
s__Leaf127,Sensitive Strong,0
s__Leaf61,Sensitive Strong,0
s__Leaf202,Sensitive Strong,3
s__Leaf131,Sensitive Strong,1
s__Leaf272,Sensitive Strong,0
s__Leaf145,Sensitive Strong,0
s__Leaf245,Sensitive Strong,0
s__Leaf359,Sensitive Strong,0
s__Leaf394,Sensitive Strong,11
s__Leaf404,Sensitive Strong,4
s__Leaf285,Sensitive Strong,1
s__Leaf148,Sensitive Strong,1
s__Leaf141,Sensitive Strong,0
s__Leaf137,Sensitive Strong,0
s__Leaf167,Sensitive Strong,0
s__Leaf194,Sensitive Strong,0
s__Leaf201,Sensitive Strong,0
s__Leaf465,Sensitive Strong,0
s__Leaf78,Sensitive Strong,0
s__Leaf83,Sensitive Strong,0
s__Leaf16,Sensitive Strong,1
s__Leaf291,Sensitive Strong,1
s__Leaf32,Sensitive Strong,1
s__Leaf69,Sensitive Strong,1
s__Leaf289,Sensitive Strong,0
s__Leaf13,Sensitive Strong,0
s__Leaf139,Sensitive Strong,0
s__Leaf176,Sensitive Strong,0
s__Leaf203,Sensitive Strong,0
s__Leaf254,Sensitive Strong,0
s__Leaf313,Sensitive Strong,0
s__Leaf405,Sensitive Strong,0
s__Leaf53,Sensitive Strong,0
s__Leaf68,Sensitive Strong,0
s__Leaf70,Sensitive Strong,0
s__Leaf407,Sensitive Strong,6
s__Leaf28,Sensitive Strong,5
s__Leaf357,Sensitive Strong,3
s__Leaf374,Sensitive Strong,2
s__Leaf44,Sensitive Strong,2
s__Leaf395,Sensitive Strong,1
s__Leaf122,Sensitive Strong,0
s__Leaf125,Sensitive Strong,0
s__Leaf23,Sensitive Strong,0
s__Leaf93,Sensitive Strong,0
s__Leaf250,Sensitive Strong,0
s__Leaf191,Sensitive Strong,0
s__Leaf21,Sensitive Strong,0
s__Leaf280,Sensitive Strong,0
s__Leaf337,Sensitive Strong,0
s__Leaf121,Sensitive Strong,0
s__Leaf129,Sensitive Strong,0
s__Leaf161,Sensitive Strong,0
s__Leaf170,Sensitive Strong,0
s__Leaf262,Sensitive Strong,0
s__Leaf264,Sensitive Strong,0
s__Leaf306,Sensitive Strong,0
s__Leaf48,Sensitive Strong,0
s__Leaf76,Sensitive Strong,0
s__Leaf326,Sensitive Strong,9
s__Leaf41,Sensitive Strong,8
s__Leaf401,Sensitive Strong,6
s__Leaf205,Sensitive Strong,6
s__Leaf242,Sensitive Strong,5
s__Leaf62,Sensitive Strong,5
s__Leaf38,Sensitive Strong,4
s__Leaf33,Sensitive Strong,4
s__Leaf198,Sensitive Strong,3
s__Leaf17,Sensitive Strong,3
s__Leaf180,Sensitive Strong,3
s__Leaf189,Sensitive Strong,2
s__Leaf208,Sensitive Strong,2
s__Leaf34,Sensitive Strong,2
s__Leaf443,Sensitive Strong,2
s__Leaf1,Sensitive Strong,2
s__Leaf234,Sensitive Strong,2
s__Leaf369,Sensitive Strong,2
s__Leaf307,Sensitive Strong,2
s__Leaf42,Sensitive Strong,2
s__Leaf8,Sensitive Strong,2
s__Leaf226,Sensitive Strong,1
s__Leaf400,Sensitive Strong,1
s__Leaf89,Sensitive Strong,1
s__Leaf186,Sensitive Strong,1
s__Leaf335,Sensitive Strong,1
s__Leaf37,Sensitive Strong,1
s__Leaf5,Sensitive Strong,1
s__Leaf67,Sensitive Strong,1
s__Leaf29,Sensitive Strong,1
s__Leaf380,Sensitive Strong,1
s__Leaf459,Sensitive Strong,1
s__Leaf64,Sensitive Strong,1
s__Leaf9,Sensitive Strong,1
s__Leaf220,Sensitive Strong,1
s__Leaf25,Sensitive Strong,1
s__Leaf22,Sensitive Strong,1
s__Leaf3,Sensitive Strong,1
s__Leaf334,Sensitive Strong,1
s__Leaf453,Sensitive Strong,1
s__Leaf446,Sensitive Strong,0
s__Leaf347,Sensitive Strong,0
s__Leaf113,Sensitive Strong,0
s__Leaf351,Sensitive Strong,0
s__Leaf111,Sensitive Strong,0
s__Leaf117,Sensitive Strong,0
s__Leaf72,Sensitive Strong,0
s__Leaf341,Sensitive Strong,0
s__Leaf92,Sensitive Strong,0
s__Leaf132,Sensitive Strong,0
s__Leaf123,Sensitive Strong,0
s__Leaf151,Sensitive Strong,0
s__Leaf339,Sensitive Strong,0
s__Leaf344,Sensitive Strong,0
s__Leaf363,Sensitive Strong,0
s__Leaf4,Sensitive Strong,0
s__Leaf10,Sensitive Strong,0
s__Leaf100,Sensitive Strong,0
s__Leaf267,Sensitive Strong,0
s__Leaf294,Sensitive Strong,0
s__Leaf343,Sensitive Strong,0
s__Leaf384,Sensitive Strong,0
s__Leaf420,Sensitive Strong,0
s__Leaf427,Sensitive Strong,0
s__Leaf436,Sensitive Strong,0
s__Leaf456,Sensitive Strong,0
s__Leaf466,Sensitive Strong,0
s__Leaf84,Sensitive Strong,0
s__Leaf90,Sensitive Strong,0
s__Leaf102,Sensitive Strong,0
s__Leaf106,Sensitive Strong,0
s__Leaf112,Sensitive Strong,0
s__Leaf155,Sensitive Strong,0
s__Leaf20,Sensitive Strong,0
s__Leaf225,Sensitive Strong,0
s__Leaf230,Sensitive Strong,0
s__Leaf258,Sensitive Strong,0
s__Leaf320,Sensitive Strong,0
s__Leaf325,Sensitive Strong,0
s__Leaf350,Sensitive Strong,0
s__Leaf354,Sensitive Strong,0
s__Leaf396,Sensitive Strong,0
s__Leaf414,Sensitive Strong,0
s__Leaf416,Sensitive Strong,0
s__Leaf87,Sensitive Strong,0
s__Leaf91,Sensitive Strong,0
s__Leaf99,Sensitive Strong,0
s__Leaf172,Sensitive Strong,0
s__Leaf185,Sensitive Strong,0
s__Leaf24,Sensitive Strong,0
s__Leaf263,Sensitive Strong,0
s__Leaf283,Sensitive Strong,0
s__Leaf299,Sensitive Strong,0
s__Leaf314,Sensitive Strong,0
s__Leaf361,Sensitive Strong,0
s__Leaf399,Sensitive Strong,0
s__Leaf412,Sensitive Strong,0
s__Leaf460,Sensitive Strong,0
s__Leaf7,Sensitive Strong,0
s__Leaf86,Sensitive Strong,0
s__Leaf108,Sensitive Strong,0
s__Leaf118,Sensitive Strong,0
s__Leaf119,Sensitive Strong,0
s__Leaf160,Sensitive Strong,0
s__Leaf179,Sensitive Strong,0
s__Leaf183,Sensitive Strong,0
s__Leaf231,Sensitive Strong,0
s__Leaf244,Sensitive Strong,0
s__Leaf248,Sensitive Strong,0
s__Leaf26,Sensitive Strong,0
s__Leaf265,Sensitive Strong,0
s__Leaf296,Sensitive Strong,0
s__Leaf321,Sensitive Strong,0
s__Leaf386,Sensitive Strong,0
s__Leaf391,Sensitive Strong,0
s__Leaf415,Sensitive Strong,0
s__Leaf85,Sensitive Strong,0
s__Leaf88,Sensitive Strong,0
s__Leaf182,Sensitive Weak,3
s__Leaf98,Sensitive Weak,0
s__Leaf434,Sensitive Weak,0
s__Leaf58,Sensitive Weak,0
s__Leaf15,Sensitive Weak,0
s__Leaf49,Sensitive Weak,1
s__Leaf2,Sensitive Weak,0
s__Leaf408,Sensitive Weak,7
s__Leaf75,Sensitive Weak,0
s__Leaf82,Sensitive Weak,1
s__Leaf196,Sensitive Weak,0
s__Leaf154,Sensitive Weak,0
s__Leaf11,Sensitive Weak,0
s__Leaf126,Sensitive Weak,5
s__Leaf130,Sensitive Weak,1
s__Leaf187,Sensitive Weak,0
s__Leaf30,Sensitive Weak,11
s__Leaf304,Sensitive Weak,2
s__Leaf59,Sensitive Weak,0
s__Leaf177,Sensitive Weak,1
s__Leaf127,Sensitive Weak,1
s__Leaf61,Sensitive Weak,0
s__Leaf202,Sensitive Weak,0
s__Leaf131,Sensitive Weak,4
s__Leaf272,Sensitive Weak,0
s__Leaf145,Sensitive Weak,0
s__Leaf245,Sensitive Weak,0
s__Leaf359,Sensitive Weak,0
s__Leaf394,Sensitive Weak,7
s__Leaf404,Sensitive Weak,8
s__Leaf285,Sensitive Weak,5
s__Leaf148,Sensitive Weak,3
s__Leaf141,Sensitive Weak,2
s__Leaf137,Sensitive Weak,0
s__Leaf167,Sensitive Weak,0
s__Leaf194,Sensitive Weak,0
s__Leaf201,Sensitive Weak,0
s__Leaf465,Sensitive Weak,0
s__Leaf78,Sensitive Weak,0
s__Leaf83,Sensitive Weak,0
s__Leaf16,Sensitive Weak,6
s__Leaf291,Sensitive Weak,3
s__Leaf32,Sensitive Weak,3
s__Leaf69,Sensitive Weak,3
s__Leaf289,Sensitive Weak,4
s__Leaf13,Sensitive Weak,1
s__Leaf139,Sensitive Weak,1
s__Leaf176,Sensitive Weak,1
s__Leaf203,Sensitive Weak,0
s__Leaf254,Sensitive Weak,0
s__Leaf313,Sensitive Weak,0
s__Leaf405,Sensitive Weak,0
s__Leaf53,Sensitive Weak,0
s__Leaf68,Sensitive Weak,0
s__Leaf70,Sensitive Weak,0
s__Leaf407,Sensitive Weak,6
s__Leaf28,Sensitive Weak,4
s__Leaf357,Sensitive Weak,6
s__Leaf374,Sensitive Weak,4
s__Leaf44,Sensitive Weak,1
s__Leaf395,Sensitive Weak,4
s__Leaf122,Sensitive Weak,4
s__Leaf125,Sensitive Weak,3
s__Leaf23,Sensitive Weak,3
s__Leaf93,Sensitive Weak,3
s__Leaf250,Sensitive Weak,2
s__Leaf191,Sensitive Weak,1
s__Leaf21,Sensitive Weak,1
s__Leaf280,Sensitive Weak,1
s__Leaf337,Sensitive Weak,1
s__Leaf121,Sensitive Weak,0
s__Leaf129,Sensitive Weak,0
s__Leaf161,Sensitive Weak,0
s__Leaf170,Sensitive Weak,0
s__Leaf262,Sensitive Weak,0
s__Leaf264,Sensitive Weak,0
s__Leaf306,Sensitive Weak,0
s__Leaf48,Sensitive Weak,0
s__Leaf76,Sensitive Weak,0
s__Leaf326,Sensitive Weak,7
s__Leaf41,Sensitive Weak,0
s__Leaf401,Sensitive Weak,5
s__Leaf205,Sensitive Weak,2
s__Leaf242,Sensitive Weak,0
s__Leaf62,Sensitive Weak,0
s__Leaf38,Sensitive Weak,16
s__Leaf33,Sensitive Weak,4
s__Leaf198,Sensitive Weak,4
s__Leaf17,Sensitive Weak,2
s__Leaf180,Sensitive Weak,2
s__Leaf189,Sensitive Weak,13
s__Leaf208,Sensitive Weak,12
s__Leaf34,Sensitive Weak,9
s__Leaf443,Sensitive Weak,8
s__Leaf1,Sensitive Weak,6
s__Leaf234,Sensitive Weak,6
s__Leaf369,Sensitive Weak,5
s__Leaf307,Sensitive Weak,4
s__Leaf42,Sensitive Weak,3
s__Leaf8,Sensitive Weak,3
s__Leaf226,Sensitive Weak,9
s__Leaf400,Sensitive Weak,8
s__Leaf89,Sensitive Weak,7
s__Leaf186,Sensitive Weak,5
s__Leaf335,Sensitive Weak,4
s__Leaf37,Sensitive Weak,4
s__Leaf5,Sensitive Weak,4
s__Leaf67,Sensitive Weak,3
s__Leaf29,Sensitive Weak,2
s__Leaf380,Sensitive Weak,2
s__Leaf459,Sensitive Weak,2
s__Leaf64,Sensitive Weak,2
s__Leaf9,Sensitive Weak,2
s__Leaf220,Sensitive Weak,1
s__Leaf25,Sensitive Weak,1
s__Leaf22,Sensitive Weak,0
s__Leaf3,Sensitive Weak,0
s__Leaf334,Sensitive Weak,0
s__Leaf453,Sensitive Weak,0
s__Leaf446,Sensitive Weak,17
s__Leaf347,Sensitive Weak,15
s__Leaf113,Sensitive Weak,14
s__Leaf351,Sensitive Weak,11
s__Leaf111,Sensitive Weak,10
s__Leaf117,Sensitive Weak,9
s__Leaf72,Sensitive Weak,9
s__Leaf341,Sensitive Weak,7
s__Leaf92,Sensitive Weak,7
s__Leaf132,Sensitive Weak,6
s__Leaf123,Sensitive Weak,5
s__Leaf151,Sensitive Weak,5
s__Leaf339,Sensitive Weak,5
s__Leaf344,Sensitive Weak,5
s__Leaf363,Sensitive Weak,5
s__Leaf4,Sensitive Weak,5
s__Leaf10,Sensitive Weak,4
s__Leaf100,Sensitive Weak,4
s__Leaf267,Sensitive Weak,4
s__Leaf294,Sensitive Weak,4
s__Leaf343,Sensitive Weak,4
s__Leaf384,Sensitive Weak,4
s__Leaf420,Sensitive Weak,4
s__Leaf427,Sensitive Weak,4
s__Leaf436,Sensitive Weak,4
s__Leaf456,Sensitive Weak,4
s__Leaf466,Sensitive Weak,4
s__Leaf84,Sensitive Weak,4
s__Leaf90,Sensitive Weak,4
s__Leaf102,Sensitive Weak,3
s__Leaf106,Sensitive Weak,3
s__Leaf112,Sensitive Weak,3
s__Leaf155,Sensitive Weak,3
s__Leaf20,Sensitive Weak,3
s__Leaf225,Sensitive Weak,3
s__Leaf230,Sensitive Weak,3
s__Leaf258,Sensitive Weak,3
s__Leaf320,Sensitive Weak,3
s__Leaf325,Sensitive Weak,3
s__Leaf350,Sensitive Weak,3
s__Leaf354,Sensitive Weak,3
s__Leaf396,Sensitive Weak,3
s__Leaf414,Sensitive Weak,3
s__Leaf416,Sensitive Weak,3
s__Leaf87,Sensitive Weak,3
s__Leaf91,Sensitive Weak,3
s__Leaf99,Sensitive Weak,3
s__Leaf172,Sensitive Weak,2
s__Leaf185,Sensitive Weak,2
s__Leaf24,Sensitive Weak,2
s__Leaf263,Sensitive Weak,2
s__Leaf283,Sensitive Weak,2
s__Leaf299,Sensitive Weak,2
s__Leaf314,Sensitive Weak,2
s__Leaf361,Sensitive Weak,2
s__Leaf399,Sensitive Weak,2
s__Leaf412,Sensitive Weak,2
s__Leaf460,Sensitive Weak,2
s__Leaf7,Sensitive Weak,2
s__Leaf86,Sensitive Weak,2
s__Leaf108,Sensitive Weak,1
s__Leaf118,Sensitive Weak,1
s__Leaf119,Sensitive Weak,1
s__Leaf160,Sensitive Weak,1
s__Leaf179,Sensitive Weak,1
s__Leaf183,Sensitive Weak,1
s__Leaf231,Sensitive Weak,1
s__Leaf244,Sensitive Weak,1
s__Leaf248,Sensitive Weak,1
s__Leaf26,Sensitive Weak,1
s__Leaf265,Sensitive Weak,1
s__Leaf296,Sensitive Weak,1
s__Leaf321,Sensitive Weak,1
s__Leaf386,Sensitive Weak,1
s__Leaf391,Sensitive Weak,1
s__Leaf415,Sensitive Weak,1
s__Leaf85,Sensitive Weak,1
s__Leaf88,Sensitive Weak,1
