Inhibitor,Sensitive,Interaction
s__Leaf11,s__Leaf294,weak
s__Leaf11,s__Leaf326,strong
s__Leaf11,s__Leaf341,weak
s__Leaf11,s__Leaf344,weak
s__Leaf11,s__Leaf347,weak
s__Leaf11,s__Leaf351,weak
s__Leaf11,s__Leaf357,weak
s__Leaf11,s__Leaf394,strong
s__Leaf11,s__Leaf400,weak
s__Leaf11,s__Leaf401,strong
s__Leaf11,s__Leaf404,weak
s__Leaf11,s__Leaf407,strong
s__Leaf11,s__Leaf456,weak
s__Leaf121,s__Leaf326,weak
s__Leaf122,s__Leaf326,weak
s__Leaf125,s__Leaf326,weak
s__Leaf126,s__Leaf111,weak
s__Leaf126,s__Leaf113,weak
s__Leaf126,s__Leaf226,weak
s__Leaf126,s__Leaf325,weak
s__Leaf126,s__Leaf339,weak
s__Leaf126,s__Leaf341,weak
s__Leaf126,s__Leaf38,weak
s__Leaf126,s__Leaf394,strong
s__Leaf126,s__Leaf400,weak
s__Leaf126,s__Leaf41,strong
s__Leaf126,s__Leaf89,weak
s__Leaf126,s__Leaf92,weak
s__Leaf126,s__Leaf72,weak
s__Leaf127,s__Leaf111,weak
s__Leaf127,s__Leaf131,weak
s__Leaf127,s__Leaf226,weak
s__Leaf127,s__Leaf394,weak
s__Leaf127,s__Leaf408,weak
s__Leaf127,s__Leaf41,strong
s__Leaf127,s__Leaf84,weak
s__Leaf129,s__Leaf113,weak
s__Leaf13,s__Leaf369,weak
s__Leaf13,s__Leaf446,weak
s__Leaf130,s__Leaf1,strong
s__Leaf130,s__Leaf10,weak
s__Leaf130,s__Leaf111,weak
s__Leaf130,s__Leaf127,weak
s__Leaf130,s__Leaf16,weak
s__Leaf130,s__Leaf208,weak
s__Leaf130,s__Leaf226,weak
s__Leaf130,s__Leaf28,strong
s__Leaf130,s__Leaf325,weak
s__Leaf130,s__Leaf38,strong
s__Leaf130,s__Leaf394,strong
s__Leaf130,s__Leaf408,weak
s__Leaf130,s__Leaf41,strong
s__Leaf131,s__Leaf189,weak
s__Leaf131,s__Leaf234,weak
s__Leaf131,s__Leaf30,weak
s__Leaf131,s__Leaf34,weak
s__Leaf131,s__Leaf38,weak
s__Leaf131,s__Leaf72,weak
s__Leaf137,s__Leaf30,weak
s__Leaf137,s__Leaf347,weak
s__Leaf137,s__Leaf351,weak
s__Leaf139,s__Leaf113,weak
s__Leaf139,s__Leaf182,weak
s__Leaf141,s__Leaf30,weak
s__Leaf141,s__Leaf34,weak
s__Leaf141,s__Leaf38,weak
s__Leaf145,s__Leaf189,weak
s__Leaf145,s__Leaf28,weak
s__Leaf145,s__Leaf30,weak
s__Leaf145,s__Leaf38,weak
s__Leaf145,s__Leaf69,weak
s__Leaf148,s__Leaf131,weak
s__Leaf148,s__Leaf189,weak
s__Leaf148,s__Leaf72,weak
s__Leaf15,s__Leaf100,weak
s__Leaf15,s__Leaf102,weak
s__Leaf15,s__Leaf106,weak
s__Leaf15,s__Leaf111,weak
s__Leaf15,s__Leaf112,weak
s__Leaf15,s__Leaf117,weak
s__Leaf15,s__Leaf122,weak
s__Leaf15,s__Leaf123,weak; strong
s__Leaf15,s__Leaf125,weak
s__Leaf15,s__Leaf132,weak
s__Leaf15,s__Leaf148,weak
s__Leaf15,s__Leaf151,weak
s__Leaf15,s__Leaf176,weak
s__Leaf15,s__Leaf180,strong
s__Leaf15,s__Leaf198,strong
s__Leaf15,s__Leaf202,strong
s__Leaf15,s__Leaf205,strong
s__Leaf15,s__Leaf208,weak
s__Leaf15,s__Leaf267,weak
s__Leaf15,s__Leaf326,strong
s__Leaf15,s__Leaf339,weak
s__Leaf15,s__Leaf344,weak
s__Leaf15,s__Leaf347,weak
s__Leaf15,s__Leaf351,weak
s__Leaf15,s__Leaf357,weak
s__Leaf15,s__Leaf38,weak
s__Leaf15,s__Leaf394,strong
s__Leaf15,s__Leaf400,weak
s__Leaf15,s__Leaf401,strong
s__Leaf15,s__Leaf404,weak
s__Leaf15,s__Leaf407,strong
s__Leaf15,s__Leaf408,weak
s__Leaf15,s__Leaf41,strong
s__Leaf15,s__Leaf414,weak
s__Leaf15,s__Leaf420,weak
s__Leaf15,s__Leaf443,weak
s__Leaf15,s__Leaf446,weak
s__Leaf15,s__Leaf456,weak
s__Leaf15,s__Leaf466,weak
s__Leaf15,s__Leaf86,weak
s__Leaf15,s__Leaf87,weak
s__Leaf15,s__Leaf88,weak
s__Leaf15,s__Leaf89,strong
s__Leaf15,s__Leaf90,weak
s__Leaf15,s__Leaf91,weak
s__Leaf15,s__Leaf93,weak
s__Leaf15,s__Leaf99,weak
s__Leaf154,s__Leaf118,weak
s__Leaf154,s__Leaf123,weak
s__Leaf154,s__Leaf131,weak
s__Leaf154,s__Leaf132,weak
s__Leaf154,s__Leaf326,weak
s__Leaf154,s__Leaf347,weak
s__Leaf154,s__Leaf369,strong
s__Leaf154,s__Leaf380,strong
s__Leaf154,s__Leaf408,weak
s__Leaf154,s__Leaf446,weak
s__Leaf154,s__Leaf8,weak
s__Leaf154,s__Leaf82,weak
s__Leaf154,s__Leaf84,weak
s__Leaf154,s__Leaf89,weak
s__Leaf154,s__Leaf72,weak
s__Leaf16,s__Leaf280,weak
s__Leaf16,s__Leaf92,weak
s__Leaf161,s__Leaf4,weak
s__Leaf167,s__Leaf113,weak
s__Leaf167,s__Leaf189,weak
s__Leaf167,s__Leaf155,weak
s__Leaf170,s__Leaf189,weak
s__Leaf176,s__Leaf113,weak
s__Leaf176,s__Leaf92,weak
s__Leaf177,s__Leaf208,weak
s__Leaf177,s__Leaf325,weak
s__Leaf177,s__Leaf341,weak
s__Leaf177,s__Leaf361,weak
s__Leaf177,s__Leaf394,strong
s__Leaf177,s__Leaf404,weak
s__Leaf177,s__Leaf427,weak
s__Leaf177,s__Leaf436,weak
s__Leaf182,s__Leaf1,weak
s__Leaf182,s__Leaf10,weak
s__Leaf182,s__Leaf100,weak
s__Leaf182,s__Leaf102,weak
s__Leaf182,s__Leaf106,weak
s__Leaf182,s__Leaf11,strong
s__Leaf182,s__Leaf111,weak
s__Leaf182,s__Leaf112,weak
s__Leaf182,s__Leaf113,weak
s__Leaf182,s__Leaf117,weak
s__Leaf182,s__Leaf122,weak
s__Leaf182,s__Leaf123,weak
s__Leaf182,s__Leaf125,weak
s__Leaf182,s__Leaf130,weak
s__Leaf182,s__Leaf16,strong
s__Leaf182,s__Leaf160,weak
s__Leaf182,s__Leaf17,strong
s__Leaf182,s__Leaf172,weak
s__Leaf182,s__Leaf177,weak
s__Leaf182,s__Leaf183,weak
s__Leaf182,s__Leaf185,weak
s__Leaf182,s__Leaf186,weak
s__Leaf182,s__Leaf189,weak
s__Leaf182,s__Leaf191,weak
s__Leaf182,s__Leaf198,weak
s__Leaf182,s__Leaf2,strong
s__Leaf182,s__Leaf20,weak
s__Leaf182,s__Leaf205,weak
s__Leaf182,s__Leaf208,weak
s__Leaf182,s__Leaf21,weak
s__Leaf182,s__Leaf22,strong
s__Leaf182,s__Leaf220,strong
s__Leaf182,s__Leaf225,weak
s__Leaf182,s__Leaf226,weak
s__Leaf182,s__Leaf23,weak
s__Leaf182,s__Leaf230,weak
s__Leaf182,s__Leaf234,strong
s__Leaf182,s__Leaf24,weak
s__Leaf182,s__Leaf242,strong
s__Leaf182,s__Leaf244,weak
s__Leaf182,s__Leaf248,weak
s__Leaf182,s__Leaf25,strong
s__Leaf182,s__Leaf258,weak
s__Leaf182,s__Leaf263,weak
s__Leaf182,s__Leaf265,weak
s__Leaf182,s__Leaf267,weak
s__Leaf182,s__Leaf28,strong
s__Leaf182,s__Leaf283,weak
s__Leaf182,s__Leaf285,weak
s__Leaf182,s__Leaf289,weak
s__Leaf182,s__Leaf29,strong
s__Leaf182,s__Leaf291,strong
s__Leaf182,s__Leaf3,strong
s__Leaf182,s__Leaf30,strong
s__Leaf182,s__Leaf304,strong
s__Leaf182,s__Leaf307,weak
s__Leaf182,s__Leaf32,strong
s__Leaf182,s__Leaf326,weak
s__Leaf182,s__Leaf33,strong
s__Leaf182,s__Leaf335,weak
s__Leaf182,s__Leaf339,weak
s__Leaf182,s__Leaf34,weak
s__Leaf182,s__Leaf343,weak
s__Leaf182,s__Leaf347,weak
s__Leaf182,s__Leaf350,weak
s__Leaf182,s__Leaf351,weak
s__Leaf182,s__Leaf354,weak
s__Leaf182,s__Leaf357,strong
s__Leaf182,s__Leaf363,weak
s__Leaf182,s__Leaf37,strong
s__Leaf182,s__Leaf374,weak
s__Leaf182,s__Leaf38,strong
s__Leaf182,s__Leaf380,weak
s__Leaf182,s__Leaf386,weak
s__Leaf182,s__Leaf391,weak
s__Leaf182,s__Leaf395,weak
s__Leaf182,s__Leaf396,weak
s__Leaf182,s__Leaf399,weak
s__Leaf182,s__Leaf400,strong
s__Leaf182,s__Leaf401,strong
s__Leaf182,s__Leaf407,weak
s__Leaf182,s__Leaf41,strong
s__Leaf182,s__Leaf42,strong
s__Leaf182,s__Leaf420,weak
s__Leaf182,s__Leaf427,weak
s__Leaf182,s__Leaf44,strong
s__Leaf182,s__Leaf443,weak
s__Leaf182,s__Leaf446,weak
s__Leaf182,s__Leaf453,strong
s__Leaf182,s__Leaf456,weak
s__Leaf182,s__Leaf459,weak
s__Leaf182,s__Leaf460,weak
s__Leaf182,s__Leaf466,weak
s__Leaf182,s__Leaf49,weak
s__Leaf182,s__Leaf5,strong
s__Leaf182,s__Leaf62,strong
s__Leaf182,s__Leaf64,strong
s__Leaf182,s__Leaf67,strong
s__Leaf182,s__Leaf7,weak
s__Leaf182,s__Leaf8,strong
s__Leaf182,s__Leaf84,weak
s__Leaf182,s__Leaf85,weak
s__Leaf182,s__Leaf86,weak
s__Leaf182,s__Leaf87,weak
s__Leaf182,s__Leaf89,weak
s__Leaf182,s__Leaf9,strong
s__Leaf182,s__Leaf90,weak
s__Leaf182,s__Leaf91,weak
s__Leaf182,s__Leaf93,weak
s__Leaf182,s__Leaf99,weak
s__Leaf182,s__Leaf72,weak
s__Leaf187,s__Leaf189,weak
s__Leaf187,s__Leaf226,weak
s__Leaf187,s__Leaf28,weak
s__Leaf187,s__Leaf29,weak
s__Leaf187,s__Leaf30,weak
s__Leaf187,s__Leaf32,weak
s__Leaf187,s__Leaf33,weak
s__Leaf187,s__Leaf339,weak
s__Leaf187,s__Leaf34,weak
s__Leaf187,s__Leaf363,weak
s__Leaf187,s__Leaf38,weak
s__Leaf191,s__Leaf38,weak
s__Leaf194,s__Leaf189,weak
s__Leaf194,s__Leaf314,weak
s__Leaf194,s__Leaf416,weak
s__Leaf196,s__Leaf1,weak
s__Leaf196,s__Leaf17,strong
s__Leaf196,s__Leaf189,weak
s__Leaf196,s__Leaf208,weak
s__Leaf196,s__Leaf23,weak
s__Leaf196,s__Leaf28,strong
s__Leaf196,s__Leaf30,weak
s__Leaf196,s__Leaf314,weak
s__Leaf196,s__Leaf33,strong
s__Leaf196,s__Leaf34,weak
s__Leaf196,s__Leaf363,weak
s__Leaf196,s__Leaf37,weak
s__Leaf196,s__Leaf38,weak
s__Leaf196,s__Leaf4,weak
s__Leaf196,s__Leaf443,weak
s__Leaf196,s__Leaf9,weak
s__Leaf196,s__Leaf72,weak
s__Leaf2,s__Leaf180,weak
s__Leaf2,s__Leaf182,weak
s__Leaf2,s__Leaf186,weak
s__Leaf2,s__Leaf205,strong
s__Leaf2,s__Leaf208,weak
s__Leaf2,s__Leaf226,weak
s__Leaf2,s__Leaf234,weak
s__Leaf2,s__Leaf242,strong
s__Leaf2,s__Leaf258,weak
s__Leaf2,s__Leaf289,weak
s__Leaf2,s__Leaf291,weak
s__Leaf2,s__Leaf304,weak
s__Leaf2,s__Leaf307,weak
s__Leaf2,s__Leaf326,weak
s__Leaf2,s__Leaf335,weak
s__Leaf2,s__Leaf341,weak
s__Leaf2,s__Leaf347,weak
s__Leaf2,s__Leaf350,weak
s__Leaf2,s__Leaf354,weak
s__Leaf2,s__Leaf369,weak
s__Leaf2,s__Leaf374,weak
s__Leaf2,s__Leaf394,strong
s__Leaf2,s__Leaf395,weak
s__Leaf2,s__Leaf400,weak
s__Leaf2,s__Leaf401,weak
s__Leaf2,s__Leaf404,weak
s__Leaf2,s__Leaf407,weak
s__Leaf2,s__Leaf416,weak
s__Leaf2,s__Leaf436,weak
s__Leaf2,s__Leaf443,strong
s__Leaf2,s__Leaf459,strong
s__Leaf201,s__Leaf17,weak
s__Leaf201,s__Leaf446,weak
s__Leaf201,s__Leaf72,weak
s__Leaf202,s__Leaf111,weak
s__Leaf202,s__Leaf113,weak
s__Leaf202,s__Leaf17,weak
s__Leaf202,s__Leaf30,weak
s__Leaf202,s__Leaf33,strong
s__Leaf202,s__Leaf155,weak
s__Leaf203,s__Leaf111,weak
s__Leaf203,s__Leaf113,weak
s__Leaf21,s__Leaf9,weak
s__Leaf23,s__Leaf351,weak
s__Leaf245,s__Leaf285,strong
s__Leaf245,s__Leaf307,strong
s__Leaf245,s__Leaf374,strong
s__Leaf245,s__Leaf446,weak
s__Leaf250,s__Leaf113,weak
s__Leaf254,s__Leaf401,weak
s__Leaf254,s__Leaf443,weak
s__Leaf262,s__Leaf394,weak
s__Leaf264,s__Leaf335,weak
s__Leaf272,s__Leaf285,weak
s__Leaf272,s__Leaf30,weak
s__Leaf272,s__Leaf307,weak
s__Leaf272,s__Leaf374,weak
s__Leaf272,s__Leaf38,weak
s__Leaf272,s__Leaf446,weak
s__Leaf28,s__Leaf132,weak
s__Leaf280,s__Leaf151,weak
s__Leaf285,s__Leaf208,weak
s__Leaf285,s__Leaf38,weak
s__Leaf285,s__Leaf5,weak
s__Leaf289,s__Leaf285,weak
s__Leaf289,s__Leaf446,weak
s__Leaf291,s__Leaf285,weak
s__Leaf291,s__Leaf446,weak
s__Leaf30,s__Leaf294,weak
s__Leaf30,s__Leaf326,strong
s__Leaf30,s__Leaf357,strong
s__Leaf30,s__Leaf394,strong
s__Leaf30,s__Leaf400,weak
s__Leaf30,s__Leaf401,strong
s__Leaf30,s__Leaf404,weak
s__Leaf30,s__Leaf407,strong
s__Leaf30,s__Leaf443,weak
s__Leaf30,s__Leaf456,weak
s__Leaf304,s__Leaf234,weak
s__Leaf304,s__Leaf289,weak
s__Leaf304,s__Leaf291,weak
s__Leaf304,s__Leaf299,weak
s__Leaf304,s__Leaf347,weak
s__Leaf304,s__Leaf351,weak
s__Leaf304,s__Leaf380,weak
s__Leaf304,s__Leaf446,weak
s__Leaf304,s__Leaf69,weak
s__Leaf306,s__Leaf117,weak
s__Leaf313,s__Leaf113,weak
s__Leaf313,s__Leaf117,weak
s__Leaf32,s__Leaf89,weak
s__Leaf32,s__Leaf92,weak
s__Leaf337,s__Leaf151,weak
s__Leaf357,s__Leaf208,weak
s__Leaf359,s__Leaf326,strong
s__Leaf359,s__Leaf343,weak
s__Leaf359,s__Leaf357,weak
s__Leaf359,s__Leaf404,strong
s__Leaf374,s__Leaf208,strong
s__Leaf394,s__Leaf117,weak
s__Leaf394,s__Leaf347,weak
s__Leaf394,s__Leaf404,weak
s__Leaf395,s__Leaf347,weak
s__Leaf404,s__Leaf113,weak
s__Leaf404,s__Leaf117,weak
s__Leaf404,s__Leaf446,weak
s__Leaf405,s__Leaf113,weak
s__Leaf405,s__Leaf347,weak
s__Leaf407,s__Leaf117,weak
s__Leaf408,s__Leaf180,strong
s__Leaf408,s__Leaf185,weak
s__Leaf408,s__Leaf189,strong
s__Leaf408,s__Leaf198,weak
s__Leaf408,s__Leaf202,strong
s__Leaf408,s__Leaf205,strong
s__Leaf408,s__Leaf208,weak
s__Leaf408,s__Leaf230,weak
s__Leaf408,s__Leaf234,weak
s__Leaf408,s__Leaf242,strong
s__Leaf408,s__Leaf250,weak
s__Leaf408,s__Leaf294,weak
s__Leaf408,s__Leaf296,weak
s__Leaf408,s__Leaf299,weak
s__Leaf408,s__Leaf320,weak
s__Leaf408,s__Leaf326,strong
s__Leaf408,s__Leaf344,weak
s__Leaf408,s__Leaf347,weak
s__Leaf408,s__Leaf351,weak
s__Leaf408,s__Leaf357,weak
s__Leaf408,s__Leaf363,weak
s__Leaf408,s__Leaf369,weak
s__Leaf408,s__Leaf384,weak
s__Leaf408,s__Leaf394,strong
s__Leaf408,s__Leaf396,weak
s__Leaf408,s__Leaf401,strong
s__Leaf408,s__Leaf404,strong
s__Leaf408,s__Leaf407,strong
s__Leaf408,s__Leaf412,weak
s__Leaf408,s__Leaf427,weak
s__Leaf408,s__Leaf443,strong
s__Leaf434,s__Leaf1,strong
s__Leaf434,s__Leaf10,weak
s__Leaf434,s__Leaf111,weak
s__Leaf434,s__Leaf113,weak
s__Leaf434,s__Leaf117,weak
s__Leaf434,s__Leaf126,weak
s__Leaf434,s__Leaf131,weak
s__Leaf434,s__Leaf148,weak
s__Leaf434,s__Leaf151,weak
s__Leaf434,s__Leaf16,weak
s__Leaf434,s__Leaf17,strong
s__Leaf434,s__Leaf179,weak
s__Leaf434,s__Leaf186,strong
s__Leaf434,s__Leaf198,weak
s__Leaf434,s__Leaf20,weak
s__Leaf434,s__Leaf205,weak
s__Leaf434,s__Leaf220,weak
s__Leaf434,s__Leaf225,weak
s__Leaf434,s__Leaf226,weak
s__Leaf434,s__Leaf234,weak
s__Leaf434,s__Leaf28,weak
s__Leaf434,s__Leaf30,weak
s__Leaf434,s__Leaf32,weak
s__Leaf434,s__Leaf320,weak
s__Leaf434,s__Leaf321,weak
s__Leaf434,s__Leaf326,strong
s__Leaf434,s__Leaf33,weak
s__Leaf434,s__Leaf335,weak
s__Leaf434,s__Leaf34,weak
s__Leaf434,s__Leaf341,weak
s__Leaf434,s__Leaf343,weak
s__Leaf434,s__Leaf344,weak
s__Leaf434,s__Leaf347,weak
s__Leaf434,s__Leaf357,weak
s__Leaf434,s__Leaf361,weak
s__Leaf434,s__Leaf369,weak
s__Leaf434,s__Leaf37,weak
s__Leaf434,s__Leaf38,weak
s__Leaf434,s__Leaf384,weak
s__Leaf434,s__Leaf394,weak
s__Leaf434,s__Leaf4,weak
s__Leaf434,s__Leaf400,weak
s__Leaf434,s__Leaf401,weak
s__Leaf434,s__Leaf404,strong
s__Leaf434,s__Leaf407,weak
s__Leaf434,s__Leaf408,weak
s__Leaf434,s__Leaf414,weak
s__Leaf434,s__Leaf416,weak
s__Leaf434,s__Leaf436,weak
s__Leaf434,s__Leaf443,weak
s__Leaf434,s__Leaf446,weak
s__Leaf434,s__Leaf459,weak
s__Leaf434,s__Leaf466,weak
s__Leaf434,s__Leaf62,strong
s__Leaf434,s__Leaf67,weak
s__Leaf434,s__Leaf89,weak
s__Leaf44,s__Leaf446,weak
s__Leaf465,s__Leaf172,weak
s__Leaf465,s__Leaf42,weak
s__Leaf465,s__Leaf62,strong
s__Leaf48,s__Leaf394,weak
s__Leaf49,s__Leaf1,weak
s__Leaf49,s__Leaf10,weak
s__Leaf49,s__Leaf16,weak
s__Leaf49,s__Leaf186,weak
s__Leaf49,s__Leaf208,weak
s__Leaf49,s__Leaf23,weak
s__Leaf49,s__Leaf24,weak
s__Leaf49,s__Leaf25,weak
s__Leaf49,s__Leaf26,weak
s__Leaf49,s__Leaf263,weak
s__Leaf49,s__Leaf267,weak
s__Leaf49,s__Leaf28,strong
s__Leaf49,s__Leaf30,strong
s__Leaf49,s__Leaf326,strong
s__Leaf49,s__Leaf33,strong
s__Leaf49,s__Leaf34,strong
s__Leaf49,s__Leaf351,weak
s__Leaf49,s__Leaf37,weak
s__Leaf49,s__Leaf38,strong
s__Leaf49,s__Leaf395,weak
s__Leaf49,s__Leaf4,weak
s__Leaf49,s__Leaf401,weak
s__Leaf49,s__Leaf404,weak
s__Leaf49,s__Leaf41,strong
s__Leaf49,s__Leaf415,weak
s__Leaf49,s__Leaf42,weak
s__Leaf49,s__Leaf420,weak
s__Leaf49,s__Leaf44,strong
s__Leaf49,s__Leaf446,weak
s__Leaf49,s__Leaf5,weak
s__Leaf49,s__Leaf64,weak
s__Leaf49,s__Leaf8,strong
s__Leaf53,s__Leaf126,weak
s__Leaf53,s__Leaf394,weak
s__Leaf58,s__Leaf1,weak
s__Leaf58,s__Leaf126,weak
s__Leaf58,s__Leaf132,weak
s__Leaf58,s__Leaf141,weak
s__Leaf58,s__Leaf151,weak
s__Leaf58,s__Leaf16,weak
s__Leaf58,s__Leaf180,weak
s__Leaf58,s__Leaf182,weak
s__Leaf58,s__Leaf186,weak
s__Leaf58,s__Leaf189,weak
s__Leaf58,s__Leaf198,weak
s__Leaf58,s__Leaf20,weak
s__Leaf58,s__Leaf205,strong
s__Leaf58,s__Leaf208,weak
s__Leaf58,s__Leaf225,weak
s__Leaf58,s__Leaf226,weak
s__Leaf58,s__Leaf234,weak
s__Leaf58,s__Leaf258,weak
s__Leaf58,s__Leaf28,weak
s__Leaf58,s__Leaf289,weak
s__Leaf58,s__Leaf29,weak
s__Leaf58,s__Leaf291,weak
s__Leaf58,s__Leaf30,weak
s__Leaf58,s__Leaf304,weak
s__Leaf58,s__Leaf307,weak
s__Leaf58,s__Leaf32,weak
s__Leaf58,s__Leaf326,weak
s__Leaf58,s__Leaf33,weak
s__Leaf58,s__Leaf34,weak
s__Leaf58,s__Leaf341,weak
s__Leaf58,s__Leaf347,weak
s__Leaf58,s__Leaf350,weak
s__Leaf58,s__Leaf351,weak
s__Leaf58,s__Leaf354,weak
s__Leaf58,s__Leaf369,strong
s__Leaf58,s__Leaf37,weak
s__Leaf58,s__Leaf374,weak
s__Leaf58,s__Leaf38,weak
s__Leaf58,s__Leaf384,weak
s__Leaf58,s__Leaf394,strong
s__Leaf58,s__Leaf395,weak
s__Leaf58,s__Leaf400,weak
s__Leaf58,s__Leaf401,weak
s__Leaf58,s__Leaf404,weak
s__Leaf58,s__Leaf407,weak
s__Leaf58,s__Leaf408,weak
s__Leaf58,s__Leaf41,strong
s__Leaf58,s__Leaf436,weak
s__Leaf58,s__Leaf443,weak
s__Leaf58,s__Leaf446,weak
s__Leaf58,s__Leaf5,weak
s__Leaf58,s__Leaf67,weak
s__Leaf58,s__Leaf8,weak
s__Leaf58,s__Leaf89,weak
s__Leaf59,s__Leaf1,weak
s__Leaf59,s__Leaf100,weak
s__Leaf59,s__Leaf122,weak
s__Leaf59,s__Leaf123,weak
s__Leaf59,s__Leaf34,weak
s__Leaf59,s__Leaf38,weak
s__Leaf59,s__Leaf394,weak
s__Leaf59,s__Leaf407,weak
s__Leaf59,s__Leaf90,weak
s__Leaf61,s__Leaf16,weak
s__Leaf61,s__Leaf189,weak
s__Leaf61,s__Leaf4,weak
s__Leaf61,s__Leaf42,strong
s__Leaf61,s__Leaf5,weak
s__Leaf61,s__Leaf92,weak
s__Leaf61,s__Leaf72,weak
s__Leaf68,s__Leaf111,weak
s__Leaf68,s__Leaf155,weak
s__Leaf69,s__Leaf34,weak
s__Leaf69,s__Leaf38,weak
s__Leaf70,s__Leaf113,weak
s__Leaf70,s__Leaf92,weak
s__Leaf75,s__Leaf13,weak
s__Leaf75,s__Leaf141,weak
s__Leaf75,s__Leaf283,weak
s__Leaf75,s__Leaf285,weak
s__Leaf75,s__Leaf304,strong
s__Leaf75,s__Leaf307,strong
s__Leaf75,s__Leaf326,strong
s__Leaf75,s__Leaf334,strong
s__Leaf75,s__Leaf335,strong
s__Leaf75,s__Leaf337,weak
s__Leaf75,s__Leaf347,weak
s__Leaf75,s__Leaf351,weak
s__Leaf75,s__Leaf363,weak
s__Leaf75,s__Leaf374,strong
s__Leaf75,s__Leaf394,strong
s__Leaf75,s__Leaf395,strong
s__Leaf75,s__Leaf44,weak
s__Leaf75,s__Leaf446,weak
s__Leaf75,s__Leaf69,strong
s__Leaf75,s__Leaf7,weak
s__Leaf75,s__Leaf8,weak
s__Leaf75,s__Leaf72,weak
s__Leaf76,s__Leaf38,weak
s__Leaf78,s__Leaf394,weak
s__Leaf78,s__Leaf407,weak
s__Leaf78,s__Leaf84,weak
s__Leaf82,s__Leaf1,weak
s__Leaf82,s__Leaf126,weak
s__Leaf82,s__Leaf131,strong
s__Leaf82,s__Leaf132,weak
s__Leaf82,s__Leaf139,weak
s__Leaf82,s__Leaf148,strong
s__Leaf82,s__Leaf16,weak
s__Leaf82,s__Leaf189,weak
s__Leaf82,s__Leaf198,strong
s__Leaf82,s__Leaf205,strong
s__Leaf82,s__Leaf226,strong
s__Leaf82,s__Leaf28,strong
s__Leaf82,s__Leaf30,weak
s__Leaf82,s__Leaf33,weak
s__Leaf82,s__Leaf34,strong
s__Leaf82,s__Leaf357,weak
s__Leaf82,s__Leaf38,weak
s__Leaf82,s__Leaf407,strong
s__Leaf82,s__Leaf62,strong
s__Leaf82,s__Leaf64,weak
s__Leaf82,s__Leaf67,weak
s__Leaf83,s__Leaf189,weak
s__Leaf83,s__Leaf208,weak
s__Leaf83,s__Leaf226,weak
s__Leaf93,s__Leaf242,strong
s__Leaf98,s__Leaf100,weak
s__Leaf98,s__Leaf102,weak
s__Leaf98,s__Leaf106,weak
s__Leaf98,s__Leaf108,weak
s__Leaf98,s__Leaf111,weak
s__Leaf98,s__Leaf112,weak
s__Leaf98,s__Leaf117,weak
s__Leaf98,s__Leaf119,weak
s__Leaf98,s__Leaf122,weak
s__Leaf98,s__Leaf123,weak
s__Leaf98,s__Leaf125,weak
s__Leaf98,s__Leaf126,weak
s__Leaf98,s__Leaf132,weak
s__Leaf98,s__Leaf148,weak
s__Leaf98,s__Leaf180,strong
s__Leaf98,s__Leaf186,weak
s__Leaf98,s__Leaf189,strong
s__Leaf98,s__Leaf198,strong
s__Leaf98,s__Leaf202,strong
s__Leaf98,s__Leaf205,strong
s__Leaf98,s__Leaf208,strong
s__Leaf98,s__Leaf230,weak
s__Leaf98,s__Leaf231,weak
s__Leaf98,s__Leaf234,strong
s__Leaf98,s__Leaf242,strong
s__Leaf98,s__Leaf250,weak
s__Leaf98,s__Leaf267,weak
s__Leaf98,s__Leaf294,weak
s__Leaf98,s__Leaf320,weak
s__Leaf98,s__Leaf326,strong
s__Leaf98,s__Leaf339,weak
s__Leaf98,s__Leaf341,weak
s__Leaf98,s__Leaf343,weak
s__Leaf98,s__Leaf344,weak
s__Leaf98,s__Leaf347,weak
s__Leaf98,s__Leaf351,weak
s__Leaf98,s__Leaf357,strong
s__Leaf98,s__Leaf369,weak
s__Leaf98,s__Leaf38,strong
s__Leaf98,s__Leaf384,weak
s__Leaf98,s__Leaf394,strong
s__Leaf98,s__Leaf396,weak
s__Leaf98,s__Leaf399,weak
s__Leaf98,s__Leaf400,weak
s__Leaf98,s__Leaf401,strong
s__Leaf98,s__Leaf404,strong
s__Leaf98,s__Leaf407,strong
s__Leaf98,s__Leaf408,weak
s__Leaf98,s__Leaf41,strong
s__Leaf98,s__Leaf412,weak
s__Leaf98,s__Leaf414,weak
s__Leaf98,s__Leaf42,weak
s__Leaf98,s__Leaf420,weak
s__Leaf98,s__Leaf427,weak
s__Leaf98,s__Leaf443,weak
s__Leaf98,s__Leaf446,weak
s__Leaf98,s__Leaf460,weak
s__Leaf98,s__Leaf466,weak
s__Leaf98,s__Leaf62,strong
s__Leaf98,s__Leaf69,weak
s__Leaf98,s__Leaf87,weak
s__Leaf98,s__Leaf89,weak
s__Leaf98,s__Leaf90,weak
s__Leaf98,s__Leaf91,weak
s__Leaf98,s__Leaf92,weak
s__Leaf98,s__Leaf93,weak
s__Leaf98,s__Leaf99,weak
